TIMEINT_MINUTES,5,6,7,8,9,10,11,12,13,14,15,18,20,21,22,23,24,25,26,27,28,29,30,32,34,35,36,37,38,39,47,48,49,50,51,52,53,54,55,56,57,58,59,60,61,62,63,64,65,66,67,TIMEINT
2.5,0.0,0.0,0.0,0.0,0.0,0.0,0.0,0.0,0.0,0.0,0.0,0.0,3.06,0.75,1.81,0.0,1.18,0.44,4.8,5.47,5.11,0.0,0.0,3.06,9.75,4.29,0.0,3.8,0.18,0.0,0.0,0.0,0.0,0.0,0.0,0.0,0.0,0.0,42.46,35.51,0.0,39.73,45.98,45.4,73.58,39.87,44.46,61.1,30.47,0.4,41.0,0-5
7.5,0.0,0.0,0.0,0.0,0.0,0.0,0.0,0.0,0.0,0.0,0.0,0.0,12.74,4.62,10.89,2.15,5.12,6.6,21.76,20.03,12.51,6.05,5.93,28.56,27.78,15.89,11.14,18.78,4.96,0.0,0.0,0.0,0.0,0.0,0.0,0.0,0.0,0.0,88.03,100.0,0.0,100.0,100.0,100.0,100.0,66.55,100.0,100.0,100.0,0.73,100.0,5-10
12.5,0.0,0.0,0.0,0.0,0.0,0.0,0.0,0.0,0.0,0.0,0.0,0.0,14.81,7.41,16.06,3.7,7.41,9.99,34.18,23.81,15.38,10.26,16.67,33.33,31.98,16.67,22.22,22.22,8.33,0.0,0.0,0.0,0.0,0.0,0.0,0.0,0.0,0.0,96.05,90.21,0.0,97.77,100.0,100.0,100.0,100.0,100.0,100.0,100.0,0.0,100.0,10-15
17.5,0.0,0.0,0.0,0.0,0.0,0.0,0.0,0.0,0.0,0.0,0.0,0.0,14.44,7.41,17.72,3.7,6.57,11.11,34.48,22.46,15.38,10.26,16.67,31.94,24.63,13.52,22.22,20.0,8.33,0.0,0.0,0.0,0.0,0.0,0.0,0.0,0.0,0.0,93.12,28.91,0.0,88.46,96.49,67.24,93.7,100.0,91.53,100.0,100.0,0.0,98.13,15-20
22.5,0.0,0.0,0.0,0.0,0.0,0.0,0.0,0.0,0.0,0.0,0.0,0.0,10.35,6.51,17.13,3.7,5.56,11.11,34.48,19.21,15.38,10.26,21.2,16.11,6.67,5.56,26.17,7.59,7.14,0.0,0.0,0.0,0.0,0.0,0.0,0.0,0.0,0.0,92.51,91.14,0.0,96.32,96.46,59.72,89.9,100.0,81.89,100.0,100.0,0.0,97.9,20-25
27.5,0.0,0.0,0.0,0.0,0.0,0.0,0.0,0.0,0.0,0.0,0.0,0.0,9.69,5.56,14.81,4.01,5.56,11.11,34.48,20.71,15.38,7.69,22.22,11.11,10.24,0.28,27.78,5.56,9.67,0.0,0.0,0.0,0.0,0.0,0.0,0.0,0.0,0.0,92.43,95.43,0.0,99.32,100.0,91.31,97.8,100.0,96.7,100.0,100.0,0.0,100.0,25-30
32.5,0.0,0.0,0.0,0.0,0.0,0.0,0.0,0.0,0.0,0.0,0.0,0.0,9.1,4.66,14.81,5.56,6.4,9.91,34.48,22.22,15.16,7.69,25.8,8.7,11.11,0.0,24.81,5.76,11.11,0.0,0.0,0.0,0.0,0.0,0.0,0.0,0.0,0.0,88.13,55.97,0.0,89.59,96.48,91.43,97.77,93.25,91.67,100.0,100.0,0.0,97.87,30-35
37.5,0.0,0.0,0.0,0.0,0.0,0.0,0.0,0.0,0.0,0.0,0.0,0.0,7.41,3.7,13.43,4.44,7.41,5.9,35.36,19.17,11.99,6.75,27.78,5.56,11.11,0.0,18.52,11.11,11.11,0.0,0.0,0.0,0.0,0.0,0.0,0.0,0.0,0.0,85.19,99.69,0.0,100.0,96.48,91.55,97.87,11.67,85.07,100.0,100.0,0.0,98.07,35-40
42.5,0.0,0.0,0.0,0.0,0.0,0.0,0.0,0.0,0.0,0.0,0.0,0.0,6.14,3.7,12.96,3.7,7.1,5.56,37.93,16.87,13.24,5.0,32.88,5.56,11.11,0.0,15.83,11.11,10.83,0.0,0.0,0.0,0.0,0.0,0.0,0.0,0.0,0.0,84.45,61.61,0.0,94.11,94.5,92.28,99.17,0.0,93.96,100.0,100.0,0.0,97.77,40-45
47.5,0.0,0.0,0.0,0.0,0.0,0.0,0.0,0.0,0.0,0.0,0.0,0.0,3.15,3.06,9.26,3.24,3.7,4.6,36.78,16.14,13.46,0.43,23.52,0.09,11.11,0.0,13.88,7.96,7.5,0.0,0.0,0.0,0.0,0.0,0.0,0.0,0.0,0.0,84.85,65.87,0.0,92.3,96.48,57.58,88.87,0.0,63.57,94.33,97.5,0.0,97.93,45-50
52.5,0.0,0.0,0.0,0.0,0.0,0.0,0.0,0.0,0.0,0.0,0.0,0.0,1.85,0.0,5.37,1.85,1.85,2.53,36.09,11.51,13.46,0.0,12.22,0.0,5.09,0.0,8.7,5.56,4.86,0.0,0.0,0.0,0.0,0.0,0.0,0.0,0.0,0.0,84.94,83.94,0.0,94.92,91.43,79.23,95.62,0.0,89.11,94.0,97.63,0.0,94.07,50-55
57.5,0.0,0.0,0.0,0.0,0.0,0.0,0.0,0.0,0.0,0.0,0.0,0.0,1.85,0.0,2.69,1.85,1.85,0.22,34.48,7.26,13.46,0.0,2.41,6.66,0.0,0.0,4.35,1.67,0.0,0.0,0.0,0.0,0.0,0.0,0.0,0.0,0.0,0.0,82.47,84.54,0.0,97.36,96.49,77.23,93.47,0.0,93.35,100.0,100.0,0.0,98.03,55-60
62.5,0.0,0.0,0.0,0.0,0.0,0.0,0.0,0.0,0.0,0.0,0.0,0.0,0.8,0.0,0.31,1.54,1.85,0.0,33.33,4.44,13.46,0.0,0.0,8.15,0.0,0.0,0.0,0.0,2.38,0.0,0.0,0.0,0.0,0.0,0.0,0.0,0.0,0.0,76.85,91.11,0.0,96.99,92.95,89.31,97.75,0.0,90.62,94.23,97.57,0.0,95.33,60-65
67.5,0.0,0.0,0.0,0.0,0.0,0.0,0.0,0.0,0.0,0.0,0.0,0.0,0.0,0.01,0.0,0.0,0.12,0.03,31.03,1.35,11.25,0.0,0.0,0.0,0.0,0.0,0.0,0.0,0.0,0.0,0.0,0.0,0.0,0.0,0.0,0.0,0.0,0.0,71.87,79.9,0.0,94.67,92.97,75.77,93.18,2.4,61.26,100.0,100.0,5.27,95.7,65-70
72.5,0.0,0.0,0.0,0.0,0.0,0.0,0.0,0.0,0.0,0.0,0.0,0.0,0.0,0.0,0.0,0.0,0.0,0.0,30.8,0.02,9.62,0.0,0.0,0.0,0.0,0.0,0.0,0.0,0.02,0.0,0.0,0.0,0.0,0.0,0.0,0.0,0.0,0.0,68.57,67.83,0.0,88.76,96.47,84.25,96.8,0.0,83.12,94.27,97.7,0.0,97.97,70-75
77.5,0.0,0.0,0.0,0.0,0.0,0.0,0.0,0.0,0.0,0.0,0.0,0.0,0.0,0.0,0.01,0.02,0.0,0.0,26.95,0.0,10.52,0.0,0.0,0.0,0.0,0.0,0.0,0.06,0.0,0.0,0.0,0.0,0.0,0.0,0.0,0.0,0.0,0.0,70.94,82.56,0.0,96.54,87.48,63.41,91.1,2.35,85.25,94.03,97.53,3.53,43.57,75-80
82.5,0.0,0.0,0.0,0.0,0.0,0.0,0.0,0.0,0.0,0.0,0.0,0.0,0.0,0.0,0.0,0.0,0.0,0.0,24.14,0.0,6.89,0.0,0.0,0.0,0.0,0.03,0.0,0.0,0.0,0.0,0.0,0.0,0.0,0.0,0.0,0.0,0.0,0.0,73.99,95.94,0.0,99.33,83.33,69.0,93.37,2.45,86.73,100.0,100.0,3.8,100.0,80-85
87.5,0.0,0.0,0.0,0.0,0.0,0.0,0.0,0.0,0.0,0.0,0.0,0.0,0.0,0.0,0.0,0.04,0.01,0.0,24.14,0.0,2.98,0.06,0.0,0.0,0.0,0.0,0.07,0.0,0.0,0.0,0.0,0.0,0.0,0.0,0.0,0.0,0.0,0.0,67.42,83.97,0.0,96.61,83.33,86.03,95.67,19.98,96.68,100.0,100.0,0.73,100.0,85-90
92.5,0.0,0.0,0.0,0.0,0.0,0.0,0.0,0.0,0.0,0.0,0.0,0.0,0.02,0.0,0.02,0.0,0.0,0.0,24.14,0.0,1.92,0.0,0.0,0.0,0.0,0.0,0.05,0.0,0.0,0.0,0.0,0.0,0.0,0.0,0.0,0.0,0.0,0.0,64.09,85.39,0.0,95.04,80.57,62.77,92.22,80.05,73.87,100.0,100.0,0.7,100.0,90-95
97.5,0.0,0.0,0.0,0.0,0.0,0.0,0.0,0.0,0.0,0.0,0.0,0.0,0.0,0.0,0.0,0.0,0.0,0.0,20.8,0.0,1.92,0.0,0.0,0.0,0.0,0.0,0.0,0.0,0.0,0.0,0.0,0.0,0.0,0.0,0.0,0.0,0.0,0.0,62.8,95.53,0.0,98.33,66.67,91.12,96.65,100.0,51.6,94.73,97.63,0.0,97.77,95-100
102.5,0.0,0.0,0.0,0.0,0.0,0.0,0.0,0.0,0.0,0.0,0.0,0.0,0.0,0.0,0.0,0.01,0.0,0.0,20.69,0.0,1.92,0.0,0.0,0.0,0.0,0.0,0.0,0.0,0.0,0.0,0.0,0.0,0.0,0.0,0.0,0.0,0.0,0.0,63.92,83.59,0.0,96.6,61.42,91.64,97.82,100.0,55.94,100.0,100.0,0.0,96.2,100-105
107.5,0.0,0.0,0.0,0.0,0.0,0.0,0.0,0.0,0.0,0.0,0.0,0.0,0.03,0.02,0.02,0.02,0.0,0.0,20.69,0.0,1.92,0.0,0.0,0.0,0.0,0.0,0.0,0.0,0.01,0.0,0.0,0.0,0.0,0.0,0.0,0.0,0.0,0.0,66.67,87.5,0.0,100.0,66.67,100.0,100.0,100.0,31.52,100.0,100.0,0.0,100.0,105-110
112.5,0.0,0.0,0.0,0.0,0.0,0.0,0.0,0.0,0.0,0.0,0.0,0.0,0.0,0.0,0.0,0.03,0.0,0.0,20.69,0.0,1.92,0.0,0.0,0.0,0.09,0.0,0.0,0.0,0.0,0.0,0.0,0.0,0.0,0.0,0.0,0.0,0.0,0.0,67.13,87.5,0.0,100.0,66.67,100.0,100.0,100.0,42.54,100.0,100.0,0.0,100.0,110-115
117.5,0.0,0.0,0.0,0.0,0.0,0.0,0.0,0.0,0.0,0.0,0.0,0.0,0.0,0.0,0.0,0.0,0.0,0.0,20.69,0.0,2.15,0.0,0.0,0.0,0.0,0.0,0.0,0.0,0.0,0.0,0.0,0.0,0.0,0.0,0.0,0.0,0.0,0.0,70.29,83.77,0.0,99.33,66.67,64.35,86.48,100.0,42.8,100.0,100.0,0.0,100.0,115-120
122.5,0.0,0.0,0.0,0.0,0.0,0.0,0.0,0.0,0.0,0.0,0.0,0.0,0.0,0.0,0.0,0.0,0.0,0.0,20.69,0.0,3.69,0.0,0.0,0.0,0.0,0.0,0.0,0.0,0.0,0.0,0.0,0.0,0.0,0.0,0.0,0.0,0.0,0.0,66.88,63.4,0.0,92.99,66.63,97.12,50.0,94.92,33.9,100.0,100.0,0.0,97.87,120-125
127.5,0.0,0.0,0.0,0.0,0.0,0.0,0.0,0.0,0.0,0.0,0.0,0.0,0.0,0.0,0.01,0.0,0.0,0.0,17.7,0.0,1.25,0.0,0.0,0.0,0.0,0.0,0.0,0.0,0.0,0.0,0.0,0.0,0.0,0.0,0.0,0.0,0.0,0.0,54.92,23.95,0.0,88.1,81.47,42.85,12.63,33.47,6.24,88.5,95.1,0.23,74.23,125-130
132.5,0.0,0.0,0.0,0.0,0.0,0.0,0.0,0.0,0.0,0.0,0.0,0.0,0.0,0.02,0.02,0.0,0.0,0.0,13.79,0.0,0.0,0.0,0.0,0.0,0.0,0.0,0.0,0.0,0.0,0.0,0.0,0.0,0.0,0.0,0.0,0.0,0.0,0.0,51.3,88.31,0.0,96.03,66.36,3.8,0.0,19.08,2.16,100.0,100.0,1.3,0.0,130-135
137.5,0.0,0.0,0.0,0.0,0.0,0.0,0.0,0.0,0.0,0.0,0.0,0.0,0.0,0.03,0.0,0.0,0.0,0.0,13.79,0.0,0.0,0.0,0.0,0.01,0.0,0.0,0.0,0.07,0.0,0.0,0.0,0.0,0.0,0.0,0.0,0.0,0.0,0.0,47.82,82.66,0.0,94.41,53.51,0.0,0.0,45.83,3.29,100.0,100.0,0.0,0.0,135-140
142.5,0.0,0.0,0.0,0.0,0.0,0.0,0.0,0.0,0.0,0.0,0.0,0.0,0.0,0.02,0.03,0.0,0.0,0.0,13.79,0.0,0.0,0.0,0.0,0.0,0.01,0.0,0.0,0.0,0.0,0.0,0.0,0.0,0.0,0.0,0.0,0.0,0.0,0.0,44.92,91.23,0.0,96.47,16.38,3.02,1.53,0.0,2.12,100.0,100.0,0.0,0.0,140-145
147.5,0.0,0.0,0.0,0.0,0.0,0.0,0.0,0.0,0.0,0.0,0.0,0.0,0.0,0.02,0.0,0.0,0.0,0.0,11.67,0.0,0.0,0.0,0.0,0.0,0.0,0.0,0.0,0.04,0.0,0.0,0.0,0.0,0.0,0.0,0.0,0.0,0.0,0.0,44.44,100.0,0.0,100.0,0.0,1.56,0.3,0.85,3.09,94.3,97.67,0.03,0.0,145-150
152.5,0.0,0.0,0.0,0.0,0.0,0.0,0.0,0.0,0.0,0.0,0.0,0.0,0.0,0.0,0.0,0.0,0.0,0.0,10.34,0.04,0.01,0.0,0.0,0.02,0.0,0.0,0.0,0.0,0.0,0.0,0.0,0.0,0.0,0.0,0.0,0.0,0.0,0.0,47.71,100.0,0.0,100.0,1.53,4.5,9.9,0.0,1.52,100.0,100.0,0.0,0.73,150-155
157.5,0.0,0.0,0.0,0.0,0.0,0.0,0.0,0.0,0.0,0.0,0.0,0.0,0.0,0.0,0.01,0.0,0.0,0.0,10.34,0.0,0.0,0.0,0.0,0.0,0.0,0.06,0.0,0.0,0.0,0.0,0.0,0.0,0.0,0.0,0.0,0.0,0.0,0.0,48.07,96.02,0.0,99.34,9.82,10.37,22.27,19.22,0.0,100.0,100.0,0.3,0.3,155-160
162.5,0.0,0.0,0.0,0.0,0.0,0.0,0.0,0.0,0.0,0.0,0.0,0.0,0.02,0.0,0.0,0.0,0.0,0.0,10.34,0.0,0.0,0.0,0.0,0.0,0.0,0.0,0.0,0.0,0.0,0.0,0.0,0.0,0.0,0.0,0.0,0.0,0.0,0.0,45.21,88.13,0.0,98.0,6.94,86.34,71.32,50.0,1.68,100.0,100.0,0.0,0.0,160-165
167.5,0.0,0.0,0.0,0.0,0.0,0.0,0.0,0.0,0.0,0.0,0.0,0.0,0.0,0.0,0.0,0.04,0.02,0.0,10.34,0.0,0.0,0.03,0.0,0.0,0.0,0.0,0.0,0.0,0.02,0.0,0.0,0.0,0.0,0.0,0.0,0.0,0.0,0.0,47.52,100.0,0.0,100.0,0.0,100.0,100.0,50.0,2.85,100.0,100.0,0.0,0.0,165-170
172.5,0.0,0.0,0.0,0.0,0.0,0.0,0.0,0.0,0.0,0.0,0.0,0.0,0.02,0.0,0.03,0.0,0.0,0.0,10.34,0.03,0.0,0.04,0.0,0.01,0.0,0.0,0.0,0.0,0.0,0.0,0.0,0.0,0.0,0.0,0.0,0.0,0.0,0.0,47.57,79.42,0.0,95.42,0.0,95.28,98.97,50.0,5.87,100.0,100.0,0.0,0.0,170-175
177.5,0.0,0.0,0.0,0.0,0.0,0.0,0.0,0.0,0.0,0.0,0.0,0.0,0.0,0.0,0.0,0.03,0.0,0.0,10.34,0.01,0.0,0.0,0.0,0.0,0.0,0.0,0.0,0.0,0.0,0.23,0.0,0.0,0.0,0.0,0.0,0.0,0.0,0.0,46.6,94.55,0.0,99.34,5.37,91.39,98.0,50.0,3.41,100.0,100.0,0.0,0.63,175-180
182.5,0.0,0.0,0.0,0.0,0.0,0.0,0.0,0.0,0.0,0.0,0.0,0.0,0.0,0.0,0.0,0.02,0.0,0.01,8.51,0.0,0.0,0.03,0.0,0.0,0.0,0.0,0.0,0.0,0.0,0.0,0.0,0.0,0.0,0.0,0.0,0.0,0.0,0.0,42.1,75.95,0.0,93.24,21.79,95.14,97.85,18.33,3.28,94.5,97.67,0.0,1.0,180-185
187.5,0.0,0.0,0.0,0.0,0.0,0.0,0.0,0.0,0.0,0.0,0.0,0.0,0.0,0.02,0.0,0.02,0.0,0.0,6.9,0.0,0.0,0.0,0.0,0.0,0.0,0.0,0.0,0.01,0.04,0.0,0.0,0.0,0.0,0.0,0.0,0.0,0.0,0.0,48.47,100.0,0.0,100.0,33.33,63.47,93.87,0.0,3.98,100.0,100.0,0.0,0.0,185-190
192.5,0.0,0.0,0.0,0.0,0.0,0.0,0.0,0.0,0.0,0.0,0.0,0.0,0.0,0.0,0.02,0.0,0.02,0.0,6.9,0.02,0.0,0.04,0.0,0.0,0.02,0.0,0.0,0.0,0.01,0.0,0.0,0.0,0.0,0.0,0.0,0.0,0.0,0.0,51.85,100.0,0.0,100.0,33.33,75.0,100.0,0.0,2.61,100.0,100.0,0.0,0.0,190-195
197.5,0.0,0.0,0.0,0.0,0.0,0.0,0.0,0.0,0.0,0.0,0.0,0.0,0.02,0.0,0.0,0.0,0.0,0.05,6.9,0.0,0.0,0.04,0.0,0.07,0.0,0.0,0.0,0.05,0.01,0.0,0.0,0.0,0.0,0.0,0.0,0.0,0.0,0.0,49.97,74.77,0.0,93.14,30.47,65.29,96.67,0.0,6.83,100.0,100.0,0.0,1.67,195-200
202.5,0.0,0.0,0.0,0.0,0.0,0.0,0.0,0.0,0.0,0.0,0.0,0.0,0.03,0.0,0.01,0.02,0.0,0.03,4.36,0.0,0.02,0.0,0.0,0.0,0.0,0.07,0.03,0.0,0.0,0.0,0.0,0.0,0.0,0.0,0.0,0.0,0.0,0.0,56.16,99.11,0.0,99.04,15.41,83.65,97.82,0.0,2.38,94.13,95.97,0.0,0.0,200-205
207.5,0.0,0.0,0.0,0.0,0.0,0.0,0.0,0.0,0.0,0.0,0.0,0.0,0.02,0.0,0.0,0.02,0.0,0.04,6.9,0.0,0.01,0.0,0.0,0.07,0.03,0.0,0.09,0.0,0.01,0.02,0.0,0.0,0.0,0.0,0.0,0.0,0.0,0.0,59.74,92.12,0.0,98.66,16.67,100.0,100.0,0.0,7.73,100.0,100.0,0.0,0.0,205-210
212.5,0.0,0.0,0.0,0.0,0.0,0.0,0.0,0.0,0.0,0.0,0.0,0.0,0.07,0.02,0.03,0.0,0.05,0.03,6.9,0.03,2.86,0.0,0.0,0.0,0.03,0.05,0.0,0.02,0.04,0.0,0.0,0.0,0.0,0.0,0.0,0.0,0.0,0.0,62.8,78.45,0.0,94.36,7.78,87.29,96.7,0.0,6.12,100.0,100.0,0.0,0.0,210-215
217.5,0.0,0.0,0.0,0.0,0.0,0.0,0.0,0.0,0.0,0.0,0.0,0.0,0.0,0.0,0.0,0.0,0.05,0.0,6.9,0.03,3.85,0.0,0.0,0.0,0.0,0.0,0.01,0.0,0.0,0.0,0.0,0.0,0.0,0.0,0.0,0.0,0.0,0.0,65.57,100.0,0.0,100.0,0.0,95.86,98.85,0.0,13.75,100.0,100.0,0.0,0.0,215-220
222.5,0.0,0.0,0.0,0.0,0.0,0.0,0.0,0.0,0.0,0.0,0.0,0.0,0.0,0.02,0.03,0.02,0.0,0.04,6.9,0.03,3.85,0.0,0.0,0.0,0.03,0.03,0.0,0.02,0.0,0.0,0.0,0.0,0.0,0.0,0.0,0.0,0.0,0.0,73.17,100.0,0.0,100.0,0.0,100.0,100.0,0.0,6.14,100.0,100.0,0.0,0.0,220-225
227.5,0.0,0.0,0.0,0.0,0.0,0.0,0.0,0.0,0.0,0.0,0.0,0.0,0.01,0.02,0.0,0.0,0.0,0.0,6.9,0.02,7.23,0.0,0.0,0.0,0.05,0.07,0.0,0.0,0.09,0.0,0.0,0.0,0.0,0.0,0.0,0.0,0.0,0.0,74.6,100.0,0.0,100.0,0.0,100.0,100.0,0.0,11.53,100.0,100.0,0.0,0.0,225-230
232.5,0.0,0.0,0.0,0.0,0.0,0.0,0.0,0.0,0.0,0.0,0.0,0.0,0.0,0.0,0.03,0.0,0.0,0.02,6.9,0.03,7.69,0.0,0.06,0.06,0.0,0.0,0.0,0.04,0.0,0.0,0.0,0.0,0.0,0.0,0.0,0.0,0.0,0.0,75.05,79.3,0.0,94.17,0.0,96.46,100.0,0.0,38.36,100.0,100.0,0.0,0.0,230-235
237.5,0.0,0.0,0.0,0.0,0.0,0.0,0.0,0.0,0.0,0.0,0.0,0.0,0.0,0.03,0.0,0.0,0.0,0.0,6.9,0.06,7.85,0.0,0.08,0.07,0.0,0.0,0.04,0.09,0.04,0.0,0.0,0.0,0.0,0.0,0.0,0.0,0.0,0.0,75.19,82.59,0.0,97.3,0.0,99.31,99.0,0.0,36.64,100.0,100.0,0.0,0.0,235-240
242.5,0.0,0.0,0.0,0.0,0.0,0.0,0.0,0.0,0.0,0.0,0.0,0.0,0.0,0.0,0.0,0.03,0.03,0.0,6.9,0.0,9.62,0.0,0.0,0.0,0.0,0.0,0.05,0.05,0.0,0.0,0.0,0.0,0.0,0.0,0.0,0.0,0.0,0.0,81.04,96.75,0.0,97.26,0.0,95.87,98.87,0.0,56.05,100.0,100.0,0.0,0.0,240-245
247.5,0.0,0.0,0.0,0.0,0.0,0.0,0.0,0.0,0.0,0.0,0.0,0.0,0.0,0.01,0.0,0.03,0.01,0.0,10.26,0.02,9.62,0.0,0.02,0.06,0.0,0.0,0.0,0.07,0.04,0.0,0.0,0.0,0.0,0.0,0.0,0.0,0.0,0.0,81.48,100.0,0.0,100.0,0.0,100.0,100.0,0.0,62.38,100.0,100.0,0.0,0.0,245-250
252.5,0.0,0.0,0.0,0.0,0.0,0.0,0.0,0.0,0.0,0.0,0.0,0.0,0.02,0.01,0.0,0.02,0.0,0.04,10.34,0.04,9.62,0.03,0.05,0.14,0.0,0.03,0.0,0.0,0.0,0.0,0.0,0.0,0.0,0.0,0.0,0.0,0.0,0.0,81.66,100.0,0.0,100.0,0.0,100.0,100.0,0.0,97.59,100.0,100.0,0.0,0.0,250-255
257.5,0.0,0.0,0.0,0.0,0.0,0.0,0.0,0.0,0.0,0.0,0.0,0.0,0.0,0.0,0.0,0.01,0.0,0.0,10.34,0.03,9.62,0.03,0.13,0.0,0.07,0.0,0.0,0.0,0.0,0.0,0.0,0.0,0.0,0.0,0.0,0.0,0.0,0.0,85.91,100.0,0.0,100.0,0.0,100.0,100.0,0.0,100.0,100.0,100.0,0.0,0.0,255-260
262.5,0.0,0.0,0.0,0.0,0.0,0.0,0.0,0.0,0.0,0.0,0.0,0.0,0.03,0.0,0.0,0.0,0.0,0.0,10.34,0.0,10.33,0.0,0.0,0.0,0.1,0.06,0.0,0.05,0.01,0.02,0.0,0.0,0.0,0.0,0.0,0.0,0.0,0.0,88.89,100.0,0.0,100.0,0.0,100.0,100.0,0.0,100.0,100.0,100.0,0.0,0.0,260-265
267.5,0.0,0.0,0.0,0.0,0.0,0.0,0.0,0.0,0.0,0.0,0.0,0.0,0.0,0.03,0.0,0.05,0.05,0.01,9.83,0.0,11.54,0.0,0.0,0.0,0.0,0.0,0.0,0.08,0.0,0.0,0.0,0.0,0.0,0.0,0.0,0.0,0.0,0.0,88.81,96.04,0.0,99.33,0.0,100.0,100.0,0.0,100.0,94.17,97.53,0.0,0.0,265-270
272.5,0.0,0.0,0.0,0.0,0.0,0.0,0.0,0.0,0.0,0.0,0.0,0.0,0.89,0.39,0.0,0.97,0.9,1.77,9.61,0.08,11.54,0.0,0.05,0.0,0.06,0.0,0.01,0.0,0.08,0.0,0.0,0.0,0.0,0.0,0.0,0.0,0.0,0.0,91.89,77.83,0.0,94.47,0.0,87.18,96.8,0.0,94.8,100.0,100.0,0.0,0.0,270-275
277.5,0.0,0.0,0.0,0.0,0.0,0.0,0.0,0.0,0.0,0.0,0.0,0.0,1.64,1.85,0.0,1.04,0.15,2.47,11.49,0.04,11.54,0.0,0.0,0.0,0.07,0.0,0.14,0.0,0.04,0.0,0.0,0.0,0.0,0.0,0.0,0.0,0.0,0.0,92.59,96.24,0.0,97.06,5.61,53.08,88.9,0.0,93.31,94.03,97.57,0.0,11.37,275-280
282.5,0.0,0.0,0.0,0.0,0.0,0.0,0.0,0.0,0.0,0.0,0.0,0.0,0.0,4.08,0.0,1.85,5.1,2.62,12.86,0.0,11.54,0.0,0.0,0.0,0.0,0.0,0.02,0.0,0.0,0.18,0.0,0.0,0.0,0.0,0.0,0.0,0.0,0.0,92.1,96.8,0.0,100.0,16.81,98.02,98.88,0.0,98.51,100.0,100.0,0.0,0.0,280-285
287.5,0.0,0.0,0.0,0.0,0.0,0.0,0.0,0.0,0.0,0.0,0.0,0.0,0.0,7.32,1.09,1.85,5.93,4.31,13.79,0.01,12.66,0.03,0.0,0.01,0.0,0.0,0.0,0.0,0.0,0.0,0.0,0.0,0.0,0.0,0.0,0.0,0.0,0.0,91.65,91.35,0.0,98.0,16.67,95.8,98.97,0.0,100.0,100.0,100.0,0.0,0.0,285-290
292.5,0.0,0.0,0.0,0.0,0.0,0.0,0.0,0.0,0.0,0.0,0.0,0.0,1.75,8.52,5.56,1.54,7.41,4.01,11.55,0.0,13.46,0.0,0.0,0.0,0.0,0.08,0.13,0.0,0.0,0.0,0.0,0.0,0.0,0.0,0.0,0.0,0.0,0.0,92.59,100.0,0.0,100.0,16.67,95.91,98.92,0.0,90.6,94.07,97.6,0.0,0.0,290-295
297.5,0.0,0.0,0.0,0.0,0.0,0.0,0.0,0.0,0.0,0.0,0.0,0.0,1.85,7.41,5.56,0.77,9.47,5.5,10.34,0.0,13.46,0.0,0.0,0.09,0.04,0.03,0.0,0.0,0.0,0.24,0.0,0.0,0.0,0.0,0.0,0.0,0.0,0.0,94.8,100.0,0.0,100.0,16.67,100.0,100.0,0.0,99.41,100.0,100.0,0.0,0.0,295-300
302.5,0.0,0.0,0.0,0.0,0.0,0.0,0.0,0.0,0.0,0.0,0.0,0.0,3.02,8.96,5.56,2.0,11.21,5.56,10.68,0.07,13.46,0.0,1.62,2.39,1.18,0.0,0.0,0.0,0.0,0.0,0.0,0.0,0.0,0.0,0.0,0.0,0.0,0.0,96.3,100.0,0.0,100.0,16.67,100.0,100.0,0.0,100.0,100.0,100.0,0.0,0.0,300-305
307.5,0.0,0.0,0.0,0.0,0.0,0.0,0.0,0.0,0.0,0.0,0.0,0.0,3.7,11.11,5.56,3.7,14.7,5.56,13.79,0.01,13.46,0.0,11.11,11.11,9.07,0.0,0.0,1.63,0.0,0.0,0.0,0.0,0.0,0.0,0.0,0.0,0.0,0.0,96.13,92.06,0.0,98.56,13.89,100.0,100.0,0.0,100.0,100.0,100.0,0.0,0.0,305-310
312.5,0.0,0.0,0.0,0.0,0.0,0.0,0.0,0.0,0.0,0.0,0.0,0.0,3.7,11.16,5.56,3.7,16.22,6.07,13.79,0.0,13.46,0.0,10.65,7.31,13.63,0.0,0.0,5.56,0.0,0.0,0.0,0.0,0.0,0.0,0.0,0.0,0.0,0.0,96.18,95.64,0.0,98.31,0.0,93.58,98.92,0.0,100.0,100.0,100.0,0.0,0.0,310-315
317.5,0.0,0.0,0.0,0.0,0.0,0.0,0.0,0.0,0.0,0.0,0.0,0.0,4.85,12.96,5.56,5.22,15.46,7.41,16.64,0.0,12.92,1.12,5.56,2.41,14.41,0.0,3.42,5.56,1.14,0.0,0.0,0.0,0.0,0.0,0.0,0.0,0.0,0.0,96.3,100.0,0.0,100.0,0.0,89.62,96.72,2.37,96.66,100.0,100.0,5.33,0.0,315-320
322.5,0.0,0.0,0.0,0.0,0.0,0.0,0.0,0.0,0.0,0.0,0.0,0.0,8.84,12.96,5.56,5.56,20.37,7.92,17.24,0.0,9.62,4.46,5.56,0.0,22.22,0.84,5.56,8.54,2.78,0.0,0.0,0.0,0.0,0.0,0.0,0.0,0.0,0.0,96.17,96.04,0.0,99.33,0.0,100.0,100.0,0.0,100.0,100.0,100.0,0.0,0.0,320-325
327.5,0.0,0.0,0.0,0.0,0.0,0.0,0.0,0.0,0.0,0.0,0.0,0.0,9.26,13.32,5.56,5.56,21.38,11.45,17.24,0.0,9.62,5.13,4.26,0.0,26.43,5.56,14.39,11.11,4.69,0.0,0.0,0.0,0.0,0.0,0.0,0.0,0.0,0.0,96.13,91.67,0.0,97.59,0.0,93.25,98.92,0.0,97.56,100.0,100.0,0.0,0.0,325-330
332.5,0.0,0.0,0.0,0.0,0.0,0.0,0.0,0.0,0.0,0.0,0.0,0.0,10.45,14.81,5.56,5.56,19.54,13.41,17.24,2.2,10.78,5.13,0.0,1.56,22.22,5.56,16.67,8.4,10.08,9.64,0.0,0.0,0.0,0.0,0.0,0.0,0.0,0.0,96.3,100.0,0.0,100.0,0.0,94.25,97.87,0.0,92.44,100.0,100.0,0.0,0.0,330-335
337.5,0.0,0.0,0.0,0.0,0.0,0.0,0.0,0.0,0.0,0.0,0.0,0.0,11.35,16.23,5.56,5.56,18.52,16.67,21.21,5.05,13.46,5.13,1.92,5.56,22.22,6.71,18.23,11.11,11.11,14.29,0.0,0.0,0.0,0.0,0.0,0.0,0.0,0.0,96.3,100.0,0.0,100.0,0.0,100.0,100.0,0.0,100.0,100.0,100.0,0.0,0.0,335-340
342.5,0.0,0.0,0.0,0.0,0.0,0.0,0.0,0.0,0.0,0.0,0.0,0.0,13.44,16.67,6.84,6.88,18.52,17.93,24.14,9.03,13.46,5.13,5.56,5.56,25.16,11.11,22.22,11.11,11.11,14.29,0.0,0.0,0.0,0.0,0.0,0.0,0.0,0.0,96.3,100.0,0.0,100.0,0.0,100.0,100.0,0.0,100.0,100.0,100.0,0.0,0.0,340-345
347.5,0.0,0.0,0.0,0.0,0.0,0.0,0.0,0.0,0.0,0.0,0.0,0.0,15.61,19.81,7.41,7.41,20.48,20.37,24.14,11.9,15.26,5.13,6.26,5.56,29.26,11.11,26.5,11.11,11.26,17.21,0.0,0.0,0.0,0.0,0.0,0.0,0.0,0.0,97.58,100.0,0.0,100.0,0.0,100.0,100.0,0.0,100.0,100.0,100.0,0.0,0.0,345-350
352.5,0.0,0.0,0.0,0.0,0.0,0.0,0.0,0.0,0.0,0.0,0.0,0.0,17.98,22.07,7.66,7.41,22.22,20.37,24.14,11.9,17.31,5.13,15.49,8.81,33.33,11.29,27.78,11.11,13.89,28.57,0.0,0.0,0.0,0.0,0.0,0.0,0.0,0.0,100.0,100.0,0.0,100.0,0.0,100.0,100.0,0.0,100.0,100.0,100.0,0.0,0.0,350-355
357.5,0.0,0.0,0.0,0.0,0.0,0.0,0.0,0.0,0.0,0.0,0.0,0.0,19.33,23.76,10.3,8.27,22.22,21.86,24.14,11.9,17.31,5.34,20.05,11.11,33.33,20.05,32.46,15.17,13.89,28.57,0.0,0.0,0.0,0.0,0.0,0.0,0.0,0.0,100.0,100.0,0.0,100.0,0.0,100.0,100.0,0.0,100.0,100.0,100.0,0.0,0.0,355-360
362.5,0.0,0.0,0.0,0.0,0.0,0.0,0.0,0.0,0.0,0.0,0.0,0.0,20.37,27.08,11.11,9.26,22.54,23.58,26.62,14.08,17.31,10.7,22.22,16.08,33.33,27.11,37.02,16.67,13.89,28.57,0.0,0.0,0.0,0.0,0.0,0.0,0.0,0.0,100.0,100.0,0.0,100.0,0.0,100.0,100.0,0.0,100.0,100.0,100.0,0.0,0.0,360-365
367.5,0.0,0.0,0.0,0.0,0.0,0.0,0.0,0.0,0.0,0.0,0.0,0.0,20.37,27.78,11.94,9.26,24.61,27.12,31.03,15.44,17.31,12.82,22.22,16.67,33.33,31.92,43.42,21.66,15.02,28.57,0.0,0.0,0.0,0.0,0.0,0.0,0.0,0.0,100.0,100.0,0.0,100.0,0.0,100.0,100.0,0.0,100.0,100.0,100.0,0.0,0.0,365-370
372.5,0.0,0.0,0.0,0.0,0.0,0.0,0.0,0.0,0.0,0.0,0.0,0.0,20.37,27.78,12.96,9.26,25.93,27.78,31.03,16.67,17.36,12.82,27.69,21.7,33.33,38.89,44.44,28.23,17.9,28.57,0.0,0.0,0.0,0.0,0.0,0.0,0.0,0.0,100.0,100.0,0.0,100.0,0.0,100.0,100.0,0.0,100.0,100.0,100.0,0.0,0.0,370-375
377.5,0.0,0.0,0.0,0.0,0.0,0.0,0.0,0.0,0.0,0.0,0.0,0.0,20.37,27.78,12.96,9.26,25.93,27.78,31.03,19.02,19.23,12.82,41.82,23.6,36.02,38.89,44.44,35.22,21.69,28.57,0.0,0.0,0.0,0.0,0.0,0.0,0.0,0.0,100.0,100.0,0.0,100.0,0.0,100.0,100.0,0.0,100.0,100.0,100.0,0.0,0.0,375-380
382.5,0.0,0.0,0.0,0.0,0.0,0.0,0.0,0.0,0.0,0.0,0.0,0.0,20.37,27.78,12.96,9.26,25.93,27.78,31.03,21.35,20.33,12.82,44.44,27.78,40.26,38.89,47.36,38.89,22.22,28.57,0.0,0.0,0.0,0.0,0.0,0.0,0.0,0.0,100.0,100.0,0.0,100.0,0.0,100.0,100.0,0.0,100.0,100.0,100.0,0.0,0.0,380-385
387.5,0.0,0.0,0.0,0.0,0.0,0.0,0.0,0.0,0.0,0.0,0.0,0.0,20.37,27.78,12.96,9.26,25.93,27.78,31.03,22.55,21.15,12.82,44.44,27.78,49.41,40.88,51.32,38.89,22.22,28.57,0.0,0.0,0.0,0.0,0.0,0.0,0.0,0.0,99.79,92.07,0.0,98.67,0.0,100.0,100.0,0.0,100.0,100.0,100.0,0.0,0.0,385-390
392.5,0.0,0.0,0.0,0.0,0.0,0.0,0.0,0.0,0.0,0.0,0.0,0.0,21.07,28.69,13.93,17.31,25.95,26.75,31.03,23.81,21.15,13.35,44.44,27.78,45.74,47.51,58.52,38.89,22.22,28.57,0.0,0.0,0.0,0.0,0.0,0.0,0.0,0.0,99.82,94.12,0.0,97.06,0.0,89.06,97.7,0.0,90.02,100.0,100.0,0.0,0.0,390-395
397.5,0.0,0.0,0.0,0.0,0.0,0.0,0.0,0.0,0.0,0.0,0.0,0.0,23.16,26.05,14.75,20.37,29.06,26.51,31.43,23.98,21.15,15.38,54.66,27.78,44.44,50.0,55.56,40.62,24.74,28.57,0.0,0.0,0.0,0.0,0.0,0.0,0.0,0.0,100.0,97.08,0.0,99.33,0.0,98.44,98.98,0.0,92.94,100.0,100.0,0.0,0.0,395-400
402.5,0.0,0.0,0.0,0.0,0.0,0.0,0.0,0.0,0.0,0.0,0.0,0.0,24.07,27.11,14.14,21.49,27.81,27.4,35.58,27.03,21.69,17.78,55.56,32.4,44.06,50.0,55.56,46.56,27.92,28.57,0.0,0.0,0.0,0.0,0.0,0.0,0.0,0.0,100.0,100.0,0.0,100.0,0.0,91.6,97.75,0.0,93.77,100.0,100.0,0.0,0.0,400-405
407.5,0.0,0.0,0.0,0.0,0.0,0.0,0.0,0.0,0.0,0.0,0.0,0.0,24.88,28.82,16.59,22.22,27.78,27.78,37.93,30.95,23.08,20.51,55.56,33.33,44.44,50.0,57.23,50.0,27.78,28.57,0.0,0.0,0.0,0.0,0.0,0.0,0.0,0.0,100.0,100.0,0.0,100.0,0.0,100.0,100.0,0.0,100.0,100.0,100.0,0.0,0.0,405-410
412.5,0.0,0.0,0.0,0.0,0.0,0.0,0.0,0.0,0.0,0.0,0.0,0.0,26.54,29.63,17.2,22.22,28.67,27.78,38.15,31.39,23.08,23.04,55.56,33.33,44.44,50.0,63.07,54.89,27.78,28.57,0.0,0.0,0.0,0.0,0.0,0.0,0.0,0.0,100.0,100.0,0.0,100.0,0.0,100.0,100.0,0.0,100.0,100.0,100.0,0.0,0.0,410-415
417.5,0.0,0.0,0.0,0.0,0.0,0.0,0.0,0.0,0.0,0.0,0.0,0.0,27.78,30.0,19.06,22.22,29.75,27.78,41.38,34.01,23.08,24.15,55.56,33.33,45.66,50.0,66.67,61.11,27.78,28.57,0.0,0.0,0.0,0.0,0.0,0.0,0.0,0.0,100.0,100.0,0.0,100.0,0.0,100.0,100.0,0.0,100.0,100.0,100.0,0.0,0.0,415-420
422.5,0.0,0.0,0.0,0.0,0.0,0.0,0.0,0.0,0.0,0.0,0.0,0.0,29.78,33.02,20.37,22.22,31.48,30.03,41.38,35.95,23.08,25.64,55.56,33.33,50.0,50.0,66.67,61.11,27.78,30.68,0.0,0.0,0.0,0.0,0.0,0.0,0.0,0.0,99.83,92.12,0.0,98.66,0.0,100.0,100.0,0.0,100.0,100.0,100.0,0.0,0.0,420-425
427.5,0.0,0.0,0.0,0.0,0.0,0.0,0.0,0.0,0.0,0.0,0.0,0.0,32.6,34.67,17.69,22.22,31.48,30.99,41.38,39.53,23.08,24.66,60.42,33.33,48.94,50.0,66.67,62.68,27.78,42.86,0.0,0.0,0.0,0.0,0.0,0.0,0.0,0.0,99.84,91.3,0.0,96.47,0.0,91.52,97.82,0.0,86.74,100.0,100.0,0.0,0.0,425-430
432.5,0.0,0.0,0.0,0.0,0.0,0.0,0.0,0.0,0.0,0.0,0.0,0.0,35.09,37.03,16.92,22.88,32.02,31.79,41.38,41.82,23.08,24.37,61.11,33.34,50.0,55.13,66.67,62.13,27.78,42.86,0.0,0.0,0.0,0.0,0.0,0.0,0.0,0.0,100.0,100.0,0.0,100.0,0.0,95.6,98.92,0.0,100.0,100.0,100.0,0.0,0.0,430-435
437.5,0.0,0.0,0.0,0.0,0.0,0.0,0.0,0.0,0.0,0.0,0.0,0.0,38.44,37.04,18.52,24.49,33.33,34.64,41.38,43.33,23.08,25.64,61.11,41.47,50.64,56.32,66.67,61.11,27.78,42.86,0.0,0.0,0.0,0.0,0.0,0.0,0.0,0.0,100.0,100.0,0.0,100.0,0.0,100.0,100.0,0.0,100.0,100.0,100.0,0.0,0.0,435-440
442.5,0.0,0.0,0.0,0.0,0.0,0.0,0.0,0.0,0.0,0.0,0.0,0.0,38.89,37.04,18.52,25.93,33.33,35.19,41.38,45.37,23.08,25.74,61.11,44.44,55.56,61.45,66.67,63.34,27.78,42.86,0.0,0.0,0.0,0.0,0.0,0.0,0.0,0.0,99.33,65.57,0.0,92.68,0.0,99.79,100.0,0.0,100.0,100.0,100.0,0.0,0.0,440-445
447.5,0.0,0.0,0.0,0.0,0.0,0.0,0.0,0.0,0.0,0.0,0.0,0.0,38.89,37.04,18.52,25.09,31.6,35.19,39.48,47.62,23.08,28.21,61.11,51.84,54.73,61.11,63.61,66.67,27.78,42.86,0.0,0.0,0.0,0.0,0.0,0.0,0.0,0.0,99.14,56.62,0.0,91.81,0.0,85.53,96.67,0.0,90.39,94.27,97.57,0.0,0.0,445-450
452.5,0.0,0.0,0.0,0.0,0.0,0.0,0.0,0.0,0.0,0.0,0.0,0.0,37.25,34.01,18.52,22.62,27.07,34.75,32.36,47.62,23.08,28.21,61.11,55.56,60.84,61.11,55.56,66.67,25.75,35.48,0.0,0.0,0.0,0.0,0.0,0.0,0.0,0.0,99.69,82.18,0.0,95.93,2.37,80.79,94.53,0.0,66.24,77.27,88.53,0.0,9.9,450-455
457.5,0.0,0.0,0.0,0.0,0.0,0.0,0.0,0.0,0.0,0.0,0.0,0.0,34.08,34.44,18.52,21.34,18.55,32.0,22.53,35.05,23.08,32.58,61.11,53.43,61.11,61.11,55.56,69.75,25.0,28.57,0.0,0.0,0.0,0.0,0.0,0.0,0.0,0.0,100.0,100.0,0.0,100.0,40.67,95.84,98.68,0.0,70.41,93.97,95.97,0.0,15.73,455-460
462.5,0.0,0.0,0.0,0.0,0.0,0.0,0.0,0.0,0.0,0.0,0.0,0.0,38.89,40.74,18.91,24.07,16.67,30.31,29.23,33.33,23.08,35.9,65.22,55.56,61.11,65.2,59.89,74.85,25.0,28.57,0.0,0.0,0.0,0.0,0.0,0.0,0.0,0.0,100.0,100.0,0.0,100.0,50.0,100.0,100.0,0.0,96.34,100.0,100.0,0.0,0.0,460-465
467.5,0.0,0.0,0.0,0.0,0.0,0.0,0.0,0.0,0.0,0.0,0.0,0.0,39.63,40.74,20.37,24.07,16.67,34.35,31.03,33.33,23.08,38.69,66.67,55.56,69.49,66.67,61.11,79.54,25.0,28.57,0.0,0.0,0.0,0.0,0.0,0.0,0.0,0.0,100.0,100.0,0.0,100.0,50.0,100.0,100.0,0.0,100.0,100.0,100.0,0.0,0.0,465-470
472.5,0.0,0.0,0.0,0.0,0.0,0.0,0.0,0.0,0.0,0.0,0.0,0.0,40.74,42.51,20.37,24.76,18.84,35.19,31.03,35.48,23.08,41.03,66.67,55.56,72.22,66.67,67.72,83.33,27.37,34.34,0.0,0.0,0.0,0.0,0.0,0.0,0.0,0.0,100.0,100.0,0.0,100.0,50.0,100.0,100.0,0.0,100.0,100.0,100.0,0.0,0.0,470-475
477.5,0.0,0.0,0.0,0.0,0.0,0.0,0.0,0.0,0.0,0.0,0.0,0.0,40.74,41.82,20.37,25.93,20.37,35.19,31.03,37.7,23.08,41.03,67.74,55.56,72.22,66.67,72.22,83.33,27.78,42.86,0.0,0.0,0.0,0.0,0.0,0.0,0.0,0.0,99.75,87.19,0.0,95.66,36.57,100.0,100.0,0.0,96.67,100.0,100.0,0.0,0.0,475-480
482.5,0.0,0.0,0.0,0.0,0.0,0.0,0.0,0.0,0.0,0.0,0.0,0.0,39.72,39.63,20.37,27.23,20.37,35.19,32.44,34.52,23.08,42.08,72.22,59.06,75.82,71.38,72.22,78.61,27.78,42.86,0.0,0.0,0.0,0.0,0.0,0.0,0.0,0.0,100.0,100.0,0.0,100.0,8.33,95.64,98.93,0.0,93.36,100.0,100.0,0.0,0.0,480-485
487.5,0.0,0.0,0.0,0.0,0.0,0.0,0.0,0.0,0.0,0.0,0.0,0.0,39.77,38.89,21.53,31.72,22.05,35.19,34.48,33.61,23.08,43.59,72.22,66.67,85.81,74.54,72.22,77.78,27.78,42.86,0.0,0.0,0.0,0.0,0.0,0.0,0.0,0.0,100.0,100.0,0.0,100.0,0.0,100.0,100.0,0.0,100.0,100.0,100.0,0.0,0.0,485-490
492.5,0.0,0.0,0.0,0.0,0.0,0.0,0.0,0.0,0.0,0.0,0.0,0.0,42.74,40.33,24.07,33.33,23.15,36.75,34.48,37.63,23.08,43.59,76.79,66.67,88.89,77.78,76.14,81.66,27.78,42.86,0.0,0.0,0.0,0.0,0.0,0.0,0.0,0.0,100.0,100.0,0.0,100.0,0.0,100.0,100.0,0.0,100.0,100.0,100.0,0.0,0.0,490-495
497.5,0.0,0.0,0.0,0.0,0.0,0.0,0.0,0.0,0.0,0.0,0.0,0.0,44.74,40.74,24.07,33.33,24.07,38.62,34.37,38.18,23.08,43.59,77.69,66.67,94.44,77.78,83.33,83.33,27.78,49.87,0.0,0.0,0.0,0.0,0.0,0.0,0.0,0.0,99.75,91.18,0.0,97.26,0.0,99.79,100.0,0.0,100.0,96.67,98.33,0.0,0.0,495-500
502.5,0.0,0.0,0.0,0.0,0.0,0.0,0.0,0.0,0.0,0.0,0.0,0.0,46.3,40.74,24.07,33.33,24.07,37.41,31.03,42.47,23.08,44.13,72.22,66.67,99.63,77.13,77.87,86.52,27.78,57.14,0.0,0.0,0.0,0.0,0.0,0.0,0.0,0.0,99.67,81.08,0.0,95.89,0.0,86.37,97.75,0.0,94.51,97.83,99.33,0.0,0.0,500-505
507.5,0.0,0.0,0.0,0.0,0.0,0.0,0.0,0.0,0.0,0.0,0.0,0.0,45.65,39.17,24.07,32.99,24.07,35.19,31.03,43.9,23.08,46.15,67.78,72.0,89.24,72.22,72.22,88.89,29.25,44.52,0.0,0.0,0.0,0.0,0.0,0.0,0.0,0.0,99.66,85.77,0.0,97.28,4.92,71.16,92.35,0.0,89.19,100.0,100.0,0.0,3.67,505-510
512.5,0.0,0.0,0.0,0.0,0.0,0.0,0.0,0.0,0.0,0.0,0.0,0.0,45.94,41.15,22.76,32.56,25.26,34.03,29.14,42.11,23.08,46.15,61.11,66.67,94.44,67.04,69.54,86.76,29.02,42.86,0.0,0.0,0.0,0.0,0.0,0.0,0.0,0.0,95.94,72.75,0.0,92.12,3.04,81.71,94.55,0.0,74.93,94.37,97.67,0.0,5.87,510-515
517.5,0.0,0.0,0.0,0.0,0.0,0.0,0.0,0.0,0.0,0.0,0.0,0.0,45.15,39.2,24.07,33.33,26.14,33.33,27.59,45.65,23.08,44.74,57.13,65.46,97.75,62.22,66.67,83.33,32.79,42.86,0.0,0.0,0.0,0.0,0.0,0.0,0.0,0.0,96.06,88.63,0.0,95.9,39.61,82.32,95.53,0.0,88.29,100.0,100.0,0.0,1.37,515-520
522.5,0.0,0.0,0.0,0.0,0.0,0.0,0.0,0.0,0.0,0.0,0.0,0.0,44.44,38.89,24.07,33.33,25.93,33.33,27.59,47.21,23.08,42.86,55.56,64.27,100.0,55.56,66.11,83.33,33.33,43.53,0.0,0.0,0.0,0.0,0.0,0.0,0.0,0.0,96.3,99.71,0.0,100.0,43.27,89.7,97.75,0.0,100.0,100.0,100.0,0.0,0.0,520-525
527.5,0.0,0.0,0.0,0.0,0.0,0.0,0.0,0.0,0.0,0.0,0.0,0.0,44.44,38.89,23.95,33.33,25.93,33.33,27.59,47.62,23.08,43.79,55.56,72.22,100.0,55.56,65.08,83.33,34.46,65.61,0.0,0.0,0.0,0.0,0.0,0.0,0.0,0.0,96.07,94.34,0.0,99.34,44.57,95.87,98.88,0.0,99.01,100.0,100.0,0.0,0.33,525-530
532.5,0.0,0.0,0.0,0.0,0.0,0.0,0.0,0.0,0.0,0.0,0.0,0.0,43.89,37.1,21.05,32.47,25.93,32.07,27.59,47.9,23.08,43.59,55.56,74.32,100.0,52.69,64.07,80.46,35.28,71.43,0.0,0.0,0.0,0.0,0.0,0.0,0.0,0.0,95.91,73.72,0.0,94.03,50.0,76.14,93.65,0.0,79.78,100.0,100.0,0.0,0.0,530-535
537.5,0.0,0.0,0.0,0.0,0.0,0.0,0.0,0.0,0.0,0.0,0.0,0.0,42.59,33.95,20.37,31.48,25.93,29.85,27.59,49.05,23.08,46.05,54.54,77.78,100.0,44.44,61.11,75.56,33.33,71.43,0.0,0.0,0.0,0.0,0.0,0.0,0.0,0.0,96.13,90.27,0.0,98.69,42.71,88.15,96.45,0.0,91.28,100.0,100.0,0.0,0.0,535-540
542.5,0.0,0.0,0.0,0.0,0.0,0.0,0.0,0.0,0.0,0.0,0.0,0.0,42.59,33.33,20.37,31.48,25.19,29.63,27.59,47.62,23.08,46.15,50.0,77.78,100.0,44.44,61.11,70.83,33.33,71.43,0.0,0.0,0.0,0.0,0.0,0.0,0.0,0.0,96.3,87.5,0.0,100.0,33.33,95.57,98.83,0.0,96.67,100.0,100.0,0.0,0.0,540-545
547.5,0.0,0.0,0.0,0.0,0.0,0.0,0.0,0.0,0.0,0.0,0.0,0.0,42.59,33.33,20.37,31.48,24.07,29.04,27.59,45.67,23.08,46.15,50.0,77.78,100.0,44.44,61.11,66.67,33.33,71.43,0.0,0.0,0.0,0.0,0.0,0.0,0.0,0.0,95.88,67.92,0.0,96.64,19.41,100.0,100.0,0.0,96.67,100.0,100.0,0.0,0.0,545-550
552.5,0.0,0.0,0.0,0.0,0.0,0.0,0.0,0.0,0.0,0.0,0.0,0.0,42.59,33.33,19.66,31.48,24.07,26.82,27.59,42.86,23.08,46.15,49.44,77.78,100.0,44.44,61.11,66.67,30.79,71.43,0.0,0.0,0.0,0.0,0.0,0.0,0.0,0.0,96.06,83.94,0.0,97.74,0.0,93.09,98.93,0.0,93.34,100.0,100.0,0.0,0.0,550-555
557.5,0.0,0.0,0.0,0.0,0.0,0.0,0.0,0.0,0.0,0.0,0.0,0.0,43.56,33.64,18.24,27.02,22.25,26.27,27.59,40.45,21.73,46.49,39.27,76.85,98.98,44.49,60.46,65.46,29.54,71.43,0.0,0.0,0.0,0.0,0.0,0.0,0.0,0.0,95.7,71.68,0.0,93.79,20.35,68.67,92.87,2.37,72.68,100.0,100.0,2.1,17.93,555-560
562.5,0.0,0.0,0.0,0.0,0.0,0.0,0.0,0.0,0.0,0.0,0.0,0.0,43.7,33.33,16.67,25.03,22.22,29.03,30.8,35.9,19.23,48.72,38.89,77.46,89.26,58.93,55.85,75.12,27.78,71.43,0.0,0.0,0.0,0.0,0.0,0.0,0.0,0.0,95.97,83.95,0.0,97.28,90.46,48.68,91.23,0.0,87.36,100.0,100.0,0.0,64.73,560-565
567.5,0.0,0.0,0.0,0.0,0.0,0.0,0.0,0.0,0.0,0.0,0.0,0.0,41.98,33.33,16.67,24.07,19.32,27.78,31.03,34.33,19.23,48.72,38.89,77.78,88.89,60.83,50.0,77.78,27.78,71.43,0.0,0.0,0.0,0.0,0.0,0.0,0.0,0.0,96.03,87.47,0.0,96.26,96.5,74.45,100.0,0.0,89.98,100.0,100.0,0.0,98.03,565-570
572.5,0.0,0.0,0.0,0.0,0.0,0.0,0.0,0.0,0.0,0.0,0.0,0.0,40.74,33.33,16.67,24.07,18.52,27.01,31.03,33.33,19.23,46.75,38.89,77.78,88.89,55.56,50.0,77.78,27.78,71.43,0.0,0.0,0.0,0.0,0.0,0.0,0.0,0.0,96.05,88.02,0.0,97.96,100.0,86.29,97.8,0.0,96.67,100.0,100.0,0.0,100.0,570-575
577.5,0.0,0.0,0.0,0.0,0.0,0.0,0.0,0.0,0.0,0.0,0.0,0.0,40.12,31.02,14.51,23.12,18.52,25.93,31.03,33.06,19.23,43.72,33.43,77.41,88.8,55.56,50.0,76.57,25.93,71.43,0.0,0.0,0.0,0.0,0.0,0.0,0.0,0.0,93.01,76.11,0.0,92.58,96.57,68.55,93.93,0.0,79.95,100.0,100.0,0.0,98.33,575-580
582.5,0.0,0.0,0.0,0.0,0.0,0.0,0.0,0.0,0.0,0.0,0.0,0.0,37.38,28.7,10.22,22.22,16.73,25.93,31.03,28.65,19.23,37.78,27.78,72.22,83.33,55.56,46.3,63.89,19.44,71.43,0.0,0.0,0.0,0.0,0.0,0.0,0.0,0.0,92.27,86.62,0.0,96.99,96.44,52.56,87.92,0.0,83.32,100.0,100.0,0.0,30.53,580-585
587.5,0.0,0.0,0.0,0.0,0.0,0.0,0.0,0.0,0.0,0.0,0.0,0.0,36.92,27.09,9.77,22.74,16.13,25.06,31.03,26.62,19.23,34.15,27.78,72.22,83.33,56.78,39.14,55.56,19.44,71.43,0.0,0.0,0.0,0.0,0.0,0.0,0.0,0.0,92.31,83.67,0.0,97.27,93.01,91.6,97.7,0.0,85.68,100.0,100.0,0.0,96.13,585-590
592.5,0.0,0.0,0.0,0.0,0.0,0.0,0.0,0.0,0.0,0.0,0.0,0.0,35.75,26.6,11.11,25.93,19.94,22.22,31.03,32.48,19.23,33.33,30.63,72.22,77.59,66.67,44.44,58.76,28.15,73.31,0.0,0.0,0.0,0.0,0.0,0.0,0.0,0.0,92.06,78.8,0.0,95.44,99.94,79.75,95.57,0.0,90.87,100.0,100.0,0.0,99.57,590-595
597.5,0.0,0.0,0.0,0.0,0.0,0.0,0.0,0.0,0.0,0.0,0.0,0.0,35.29,28.53,17.81,25.93,22.73,22.97,29.54,38.06,20.05,32.45,32.12,71.57,72.22,61.48,46.37,59.06,34.11,71.43,0.0,0.0,0.0,0.0,0.0,0.0,0.0,0.0,92.31,82.81,0.0,95.61,96.46,86.98,96.68,0.0,93.48,94.53,97.63,0.0,68.33,595-600
602.5,0.0,0.0,0.0,0.0,0.0,0.0,0.0,0.0,0.0,0.0,0.0,0.0,34.66,28.58,22.22,25.93,24.07,22.93,27.59,38.41,21.15,33.33,33.33,64.63,72.22,61.11,50.0,61.11,38.89,71.43,0.0,0.0,0.0,0.0,0.0,0.0,0.0,0.0,92.59,99.05,0.0,98.8,84.02,94.6,97.88,0.0,89.99,100.0,100.0,0.0,0.0,600-605
607.5,0.0,0.0,0.0,0.0,0.0,0.0,0.0,0.0,0.0,0.0,0.0,0.0,33.18,27.78,22.22,25.93,24.07,22.22,27.59,38.1,21.15,33.33,33.33,61.11,72.22,61.11,50.0,61.11,38.89,71.43,0.0,0.0,0.0,0.0,0.0,0.0,0.0,0.0,92.51,96.02,0.0,99.32,83.33,100.0,100.0,0.0,98.72,100.0,100.0,0.0,0.0,605-610
612.5,0.0,0.0,0.0,0.0,0.0,0.0,0.0,0.0,0.0,0.0,0.0,0.0,31.48,27.78,22.22,24.81,23.36,22.22,26.15,36.43,21.15,33.33,33.33,61.11,72.22,57.69,50.0,61.11,38.89,71.43,0.0,0.0,0.0,0.0,0.0,0.0,0.0,0.0,92.41,92.05,0.0,98.66,70.42,95.8,98.85,0.0,91.26,94.63,97.7,0.0,0.0,610-615
617.5,0.0,0.0,0.0,0.0,0.0,0.0,0.0,0.0,0.0,0.0,0.0,0.0,31.48,27.78,22.22,24.07,22.22,20.4,24.14,35.71,21.15,33.33,33.33,61.11,72.22,55.56,50.0,61.11,38.89,71.43,0.0,0.0,0.0,0.0,0.0,0.0,0.0,0.0,92.59,100.0,0.0,100.0,66.67,100.0,100.0,0.0,96.66,100.0,100.0,0.0,0.0,615-620
622.5,0.0,0.0,0.0,0.0,0.0,0.0,0.0,0.0,0.0,0.0,0.0,0.0,31.48,27.78,22.22,24.07,22.22,20.37,24.14,35.71,21.15,33.33,33.33,61.11,72.22,55.56,50.0,61.11,38.89,71.43,0.0,0.0,0.0,0.0,0.0,0.0,0.0,0.0,92.43,92.77,0.0,99.3,66.67,100.0,100.0,0.0,100.0,100.0,100.0,0.0,0.0,620-625
627.5,0.0,0.0,0.0,0.0,0.0,0.0,0.0,0.0,0.0,0.0,0.0,0.0,31.02,27.78,21.33,24.07,22.22,20.0,24.14,35.71,21.15,32.22,33.33,60.65,66.94,52.04,50.0,56.11,38.89,71.43,0.0,0.0,0.0,0.0,0.0,0.0,0.0,0.0,91.94,88.34,0.0,98.02,76.53,80.36,95.63,0.0,90.03,100.0,100.0,0.0,1.53,625-630
632.5,0.0,0.0,0.0,0.0,0.0,0.0,0.0,0.0,0.0,0.0,0.0,0.0,28.46,27.04,20.37,22.81,22.22,18.52,24.14,35.71,21.15,30.51,33.33,52.31,62.13,50.0,50.0,55.56,37.64,71.43,0.0,0.0,0.0,0.0,0.0,0.0,0.0,0.0,88.65,85.89,0.0,95.63,100.0,73.05,93.3,0.0,90.01,100.0,100.0,0.0,26.77,630-635
637.5,0.0,0.0,0.0,0.0,0.0,0.0,0.0,0.0,0.0,0.0,0.0,0.0,27.78,21.85,20.37,22.22,22.22,18.52,24.14,35.71,21.15,26.84,33.33,50.0,55.56,50.0,50.0,55.0,33.33,71.43,0.0,0.0,0.0,0.0,0.0,0.0,0.0,0.0,88.89,100.0,0.0,100.0,100.0,91.5,97.78,0.0,90.04,100.0,100.0,0.0,100.0,635-640
642.5,0.0,0.0,0.0,0.0,0.0,0.0,0.0,0.0,0.0,0.0,0.0,0.0,26.08,20.37,20.37,22.22,22.22,18.52,24.14,35.71,21.15,25.64,33.33,50.0,55.56,50.0,50.0,50.0,33.33,71.43,0.0,0.0,0.0,0.0,0.0,0.0,0.0,0.0,88.89,100.0,0.0,100.0,100.0,98.34,98.93,0.0,96.68,100.0,100.0,0.0,100.0,640-645
647.5,0.0,0.0,0.0,0.0,0.0,0.0,0.0,0.0,0.0,0.0,0.0,0.0,25.93,20.37,20.37,22.22,22.22,18.52,24.14,35.71,21.15,25.64,33.33,50.0,55.56,50.0,50.0,50.0,33.33,71.43,0.0,0.0,0.0,0.0,0.0,0.0,0.0,0.0,88.89,100.0,0.0,100.0,100.0,100.0,100.0,0.0,100.0,100.0,100.0,0.0,100.0,645-650
652.5,0.0,0.0,0.0,0.0,0.0,0.0,0.0,0.0,0.0,0.0,0.0,0.0,25.93,20.37,20.37,22.22,22.22,18.52,22.82,35.71,20.13,23.33,33.33,48.52,55.56,50.0,49.63,50.0,33.33,71.43,0.0,0.0,0.0,0.0,0.0,0.0,0.0,0.0,88.36,77.93,0.0,93.84,100.0,89.94,97.8,0.88,100.0,94.77,97.67,0.03,100.0,650-655
657.5,0.0,0.0,0.0,0.0,0.0,0.0,0.0,0.0,0.0,0.0,0.0,0.0,27.26,19.69,22.3,23.04,22.22,17.22,18.45,34.29,19.23,22.65,28.06,44.44,53.52,45.74,44.44,47.22,33.33,71.43,0.0,0.0,0.0,0.0,0.0,0.0,0.0,0.0,89.82,76.95,0.0,94.2,92.94,76.46,93.48,0.0,74.37,88.6,95.17,0.0,96.07,655-660
662.5,0.0,0.0,0.0,0.0,0.0,0.0,0.0,0.0,0.0,0.0,0.0,0.0,26.73,17.75,24.07,26.85,26.18,11.11,12.01,27.34,20.12,19.23,27.78,44.44,45.83,44.44,41.57,40.74,32.08,70.0,0.0,0.0,0.0,0.0,0.0,0.0,0.0,0.0,92.39,82.86,0.0,97.78,85.87,71.73,93.42,0.0,71.92,94.4,95.9,0.0,91.03,660-665
667.5,0.0,0.0,0.0,0.0,0.0,0.0,0.0,0.0,0.0,0.0,0.0,0.0,25.93,16.67,24.07,20.68,23.95,11.11,10.34,22.66,19.74,17.95,22.78,44.44,44.44,44.26,33.33,38.89,30.56,57.14,0.0,0.0,0.0,0.0,0.0,0.0,0.0,0.0,90.81,68.33,0.0,96.61,92.91,93.52,97.78,0.88,92.97,100.0,100.0,1.23,95.77,665-670
672.5,0.0,0.0,0.0,0.0,0.0,0.0,0.0,0.0,0.0,0.0,0.0,0.0,24.63,16.67,22.93,20.37,22.22,11.11,8.28,19.05,19.23,16.58,22.22,39.07,40.83,38.89,33.33,38.89,30.56,57.14,0.0,0.0,0.0,0.0,0.0,0.0,0.0,0.0,88.89,93.96,0.0,98.52,100.0,83.87,95.6,0.0,90.87,94.2,97.6,0.0,100.0,670-675
677.5,0.0,0.0,0.0,0.0,0.0,0.0,0.0,0.0,0.0,0.0,0.0,0.0,22.75,15.56,20.37,18.86,21.94,9.88,6.9,16.43,19.23,15.38,22.22,35.09,32.41,38.89,33.33,38.89,30.56,57.14,0.0,0.0,0.0,0.0,0.0,0.0,0.0,0.0,88.62,94.97,0.0,99.33,92.94,87.49,96.67,0.0,81.09,100.0,100.0,0.0,95.93,675-680
682.5,0.0,0.0,0.0,0.0,0.0,0.0,0.0,0.0,0.0,0.0,0.0,0.0,18.92,14.29,20.37,18.52,20.37,7.96,6.55,11.39,19.23,15.38,22.22,33.33,27.78,36.76,33.33,38.89,30.56,57.14,0.0,0.0,0.0,0.0,0.0,0.0,0.0,0.0,84.78,78.69,0.0,95.01,87.55,95.66,98.97,0.0,83.24,94.4,97.63,0.0,61.33,680-685
687.5,0.0,0.0,0.0,0.0,0.0,0.0,0.0,0.0,0.0,0.0,0.0,0.0,13.95,11.83,20.31,18.48,17.12,6.52,1.09,5.12,19.23,15.38,17.96,33.33,26.57,33.33,29.44,36.3,30.56,57.14,0.0,0.0,0.0,0.0,0.0,0.0,0.0,0.0,80.87,55.37,0.0,68.22,67.03,78.09,94.37,0.0,62.56,94.47,97.63,0.0,0.0,685-690
692.5,0.0,0.0,0.0,0.0,0.0,0.0,0.0,0.0,0.0,0.0,0.0,0.0,12.96,13.12,25.32,22.46,16.67,7.64,0.0,0.28,19.23,13.76,16.67,31.11,15.83,33.33,22.22,29.17,29.21,43.57,0.0,0.0,0.0,0.0,0.0,0.0,0.0,0.0,77.58,77.2,0.0,88.38,21.31,65.95,92.45,0.0,78.63,100.0,100.0,0.0,0.0,690-695
697.5,0.0,0.0,0.0,0.0,0.0,0.0,0.0,0.0,0.0,0.0,0.0,0.0,12.96,12.96,24.07,20.19,15.09,5.56,0.0,0.0,20.75,12.82,16.67,19.81,5.74,33.33,22.22,27.78,22.22,42.86,0.0,0.0,0.0,0.0,0.0,0.0,0.0,0.0,77.41,69.7,0.0,96.43,3.94,81.64,94.55,0.0,93.38,100.0,100.0,0.0,2.67,695-700
702.5,0.0,0.0,0.0,0.0,0.0,0.0,0.0,0.0,0.0,0.0,0.0,0.0,10.46,11.05,23.92,17.47,12.72,5.56,0.0,0.0,21.15,10.51,16.67,16.67,5.56,33.33,18.33,27.78,22.22,28.57,0.0,0.0,0.0,0.0,0.0,0.0,0.0,0.0,77.6,84.41,0.0,96.52,34.48,83.13,96.75,0.0,71.4,100.0,100.0,0.0,2.13,700-705
707.5,0.0,0.0,0.0,0.0,0.0,0.0,0.0,0.0,0.0,0.0,0.0,0.0,9.26,9.26,20.06,16.67,9.26,5.56,0.0,0.0,19.74,7.65,16.67,14.07,5.56,33.33,16.67,27.78,19.54,14.29,0.0,0.0,0.0,0.0,0.0,0.0,0.0,0.0,75.65,70.33,0.0,92.72,66.02,82.9,95.63,0.93,89.98,100.0,100.0,0.13,3.43,705-710
712.5,0.0,0.0,0.0,0.0,0.0,0.0,0.0,0.0,0.0,0.0,0.0,0.0,7.53,8.2,13.16,15.71,8.02,4.88,0.0,0.0,19.23,3.21,11.67,2.87,1.11,25.83,13.7,25.37,19.44,14.29,0.0,0.0,0.0,0.0,0.0,0.0,0.0,0.0,74.87,86.67,0.0,95.57,79.76,53.75,87.8,0.0,69.73,100.0,100.0,0.0,2.47,710-715
717.5,0.0,0.0,0.0,0.0,0.0,0.0,0.0,0.0,0.0,0.0,0.0,0.0,2.93,9.26,16.05,12.07,7.41,7.41,1.1,0.0,19.23,2.56,11.11,0.0,0.0,16.67,11.11,16.85,19.44,14.29,0.0,0.0,0.0,0.0,0.0,0.0,0.0,0.0,74.44,82.01,0.0,93.66,94.32,91.5,97.88,0.0,74.83,94.23,97.63,1.53,0.0,715-720
722.5,0.0,0.0,0.0,0.0,0.0,0.0,0.0,0.0,0.0,0.0,0.0,0.0,1.85,9.26,14.54,10.4,7.41,7.41,0.0,0.0,17.4,2.56,11.11,0.0,0.0,7.04,10.19,11.11,19.03,14.29,0.0,0.0,0.0,0.0,0.0,0.0,0.0,0.0,70.17,91.72,0.0,97.73,67.41,78.45,95.5,0.95,86.46,100.0,100.0,0.0,0.77,720-725
727.5,0.0,0.0,0.0,0.0,0.0,0.0,0.0,0.0,0.0,0.0,0.0,0.0,1.85,9.26,12.16,5.99,3.36,6.51,0.0,0.0,17.31,2.56,6.85,0.0,0.0,0.0,5.56,8.8,13.24,1.43,0.0,0.0,0.0,0.0,0.0,0.0,0.0,0.0,70.29,96.01,0.0,99.34,88.37,75.95,93.78,0.0,68.68,100.0,100.0,0.0,65.03,725-730
732.5,0.0,0.0,0.0,0.0,0.0,0.0,0.0,0.0,0.0,0.0,0.0,0.0,1.85,9.26,11.11,3.7,1.85,5.56,0.0,0.0,17.31,2.56,3.33,0.0,0.0,0.0,5.56,4.17,8.33,0.0,0.0,0.0,0.0,0.0,0.0,0.0,0.0,0.0,68.46,80.93,0.0,97.33,81.81,88.95,96.35,0.0,100.0,100.0,100.0,0.0,0.0,730-735
737.5,0.0,0.0,0.0,0.0,0.0,0.0,0.0,0.0,0.0,0.0,0.0,0.0,1.85,7.01,11.11,3.7,1.85,5.56,0.0,0.0,17.31,2.56,0.0,0.0,0.0,0.0,5.56,0.0,7.13,0.0,0.0,0.0,0.0,0.0,0.0,0.0,0.0,0.0,66.25,70.37,0.0,94.2,70.44,92.77,98.98,0.0,90.94,100.0,100.0,0.0,0.0,735-740
742.5,0.0,0.0,0.0,0.0,0.0,0.0,0.0,0.0,0.0,0.0,0.0,0.0,2.94,6.19,10.27,3.2,3.34,6.44,0.0,0.0,17.31,1.41,0.0,0.0,0.0,0.0,2.22,0.0,0.97,0.0,0.0,0.0,0.0,0.0,0.0,0.0,0.0,0.0,60.65,48.45,0.0,89.84,44.45,67.02,91.63,0.0,75.72,100.0,100.0,0.0,0.0,740-745
747.5,0.0,0.0,0.0,0.0,0.0,0.0,0.0,0.0,0.0,0.0,0.0,0.0,3.09,6.82,3.8,1.85,4.85,2.13,0.0,0.0,17.31,0.0,0.0,0.0,0.0,0.0,0.0,0.0,0.0,0.0,0.0,0.0,0.0,0.0,0.0,0.0,0.0,0.0,58.93,82.37,0.0,95.42,10.83,86.42,96.33,0.0,60.03,94.07,97.6,0.0,0.0,745-750
752.5,0.0,0.0,0.0,0.0,0.0,0.0,0.0,0.0,0.0,0.0,0.0,0.0,1.42,4.25,1.64,1.85,3.63,0.0,0.0,0.0,18.02,0.0,0.0,0.0,0.0,0.0,0.0,0.0,0.0,0.0,0.0,0.0,0.0,0.0,0.0,0.0,0.0,0.0,63.57,86.87,0.0,96.49,0.0,76.89,94.43,0.78,86.35,100.0,100.0,0.1,0.0,750-755
757.5,0.0,0.0,0.0,0.0,0.0,0.0,0.0,0.0,0.0,0.0,0.0,0.0,0.0,8.2,1.85,0.25,3.17,1.02,1.88,0.0,17.31,0.0,0.0,0.0,0.0,0.0,0.0,0.0,0.0,0.0,0.0,0.0,0.0,0.0,0.0,0.0,0.0,0.0,70.37,100.0,0.0,100.0,0.0,97.43,98.95,0.0,90.41,100.0,100.0,0.0,0.0,755-760
762.5,0.0,0.0,0.0,0.0,0.0,0.0,0.0,0.0,0.0,0.0,0.0,0.0,0.0,9.26,1.85,0.0,3.7,1.85,3.45,0.0,17.31,0.0,0.0,0.0,0.0,0.0,0.0,0.0,0.0,0.0,0.0,0.0,0.0,0.0,0.0,0.0,0.0,0.0,67.8,91.46,0.0,98.64,0.0,100.0,100.0,0.0,100.0,100.0,100.0,0.0,0.0,760-765
767.5,0.0,0.0,0.0,0.0,0.0,0.0,0.0,0.0,0.0,0.0,0.0,0.0,0.0,7.81,0.83,0.0,3.7,1.85,3.45,0.0,17.31,0.0,0.0,0.0,0.0,0.0,0.0,0.0,0.0,0.0,0.0,0.0,0.0,0.0,0.0,0.0,0.0,0.0,66.13,75.57,0.0,83.94,0.0,87.37,96.72,0.0,93.34,100.0,100.0,0.0,0.0,765-770
772.5,0.0,0.0,0.0,0.0,0.0,0.0,0.0,0.0,0.0,0.0,0.0,0.0,0.0,5.65,0.0,0.0,2.04,1.85,1.55,0.0,17.31,0.0,0.0,0.0,0.0,0.0,0.0,0.0,0.0,0.0,0.0,0.0,0.0,0.0,0.0,0.0,0.0,0.0,66.67,100.0,0.0,91.26,0.0,91.29,97.85,0.0,93.34,94.43,97.67,0.0,0.0,770-775
777.5,0.0,0.0,0.0,0.0,0.0,0.0,0.0,0.0,0.0,0.0,0.0,0.0,0.0,2.28,0.0,0.0,0.37,1.85,0.0,0.0,17.31,0.0,0.0,0.0,0.0,0.0,0.0,0.0,0.0,0.0,0.0,0.0,0.0,0.0,0.0,0.0,0.0,0.0,66.67,100.0,0.0,100.0,0.0,82.44,95.6,0.0,89.89,100.0,100.0,0.0,0.0,775-780
782.5,0.0,0.0,0.0,0.0,0.0,0.0,0.0,0.0,0.0,0.0,0.0,0.0,0.0,0.0,0.0,0.0,0.0,0.31,0.0,0.0,17.31,0.0,0.0,0.0,0.0,0.0,0.0,0.0,0.0,0.0,0.0,0.0,0.0,0.0,0.0,0.0,0.0,0.0,66.67,100.0,0.0,100.0,0.0,100.0,100.0,0.0,93.5,100.0,100.0,0.0,0.0,780-785
787.5,0.0,0.0,0.0,0.0,0.0,0.0,0.0,0.0,0.0,0.0,0.0,0.0,0.0,0.0,0.0,0.0,0.0,0.0,0.0,0.0,17.31,0.0,0.0,0.0,0.0,0.0,0.0,0.0,0.0,0.0,0.0,0.0,0.0,0.0,0.0,0.0,0.0,0.0,66.42,91.4,0.0,98.52,0.0,91.7,98.03,0.0,100.0,100.0,100.0,0.0,0.0,785-790
792.5,0.0,0.0,0.0,0.0,0.0,0.0,0.0,0.0,0.0,0.0,0.0,0.0,0.01,0.02,0.0,0.0,0.0,0.0,0.0,0.0,16.35,0.0,0.0,0.0,0.0,0.0,0.0,0.0,0.0,0.0,0.0,0.0,0.0,0.0,0.0,0.0,0.0,0.0,66.88,42.77,0.0,78.67,0.0,57.1,89.97,1.48,80.07,88.63,95.23,0.1,0.0,790-795
797.5,0.0,0.0,0.0,0.0,0.0,0.0,0.0,0.0,0.0,0.0,0.0,0.0,2.33,0.32,0.62,0.69,0.66,0.19,0.07,0.0,15.38,0.0,0.0,0.0,0.0,0.0,0.0,0.0,0.0,0.0,0.0,0.0,0.0,0.0,0.0,0.0,0.0,0.0,80.39,67.33,0.0,93.32,0.0,67.28,92.12,0.0,70.84,92.37,97.6,0.0,0.0,795-800
802.5,0.0,0.0,0.0,0.0,0.0,0.0,0.0,0.0,0.0,0.0,0.0,0.0,0.52,2.21,0.0,0.0,0.0,2.37,0.0,0.0,15.38,0.0,0.0,0.0,0.0,0.0,0.0,0.0,0.0,0.0,0.0,0.0,0.0,0.0,0.0,0.0,0.0,0.0,81.48,97.11,0.0,98.3,0.0,67.79,92.3,0.0,68.95,96.33,97.63,0.0,0.0,800-805
807.5,0.0,0.0,0.0,0.0,0.0,0.0,0.0,0.0,0.0,0.0,0.0,0.0,0.0,0.0,0.0,0.0,0.0,0.0,0.0,0.0,15.38,0.0,0.0,0.0,0.0,0.0,0.0,0.0,0.0,0.0,0.0,0.0,0.0,0.0,0.0,0.0,0.0,0.0,81.09,85.2,0.0,98.01,0.0,95.64,97.85,0.0,100.0,100.0,100.0,0.0,0.0,805-810
812.5,0.0,0.0,0.0,0.0,0.0,0.0,0.0,0.0,0.0,0.0,0.0,0.0,0.0,0.0,0.0,0.0,0.0,0.0,0.0,0.0,14.55,0.0,0.0,0.0,0.0,0.0,0.0,0.0,0.0,0.0,0.0,0.0,0.0,0.0,0.0,0.0,0.0,0.0,81.31,84.04,0.0,95.66,0.0,86.89,97.78,0.78,81.63,100.0,100.0,0.8,0.0,810-815
817.5,0.0,0.0,0.0,0.0,0.0,0.0,0.0,0.0,0.0,0.0,0.0,0.0,0.0,0.0,0.0,0.0,0.0,0.0,0.0,0.0,12.56,0.0,0.0,0.0,0.0,0.0,0.0,0.0,0.0,0.0,0.0,0.0,0.0,0.0,0.0,0.0,0.0,0.0,80.35,92.12,0.0,98.6,0.0,87.06,95.63,1.58,85.95,100.0,100.0,1.03,0.0,815-820
822.5,0.0,0.0,0.0,0.0,0.0,0.0,0.0,0.0,0.0,0.0,0.0,0.0,0.0,0.0,0.0,0.0,0.0,0.0,0.0,0.0,10.71,0.0,0.0,0.0,0.0,0.0,0.0,0.0,0.0,0.0,0.0,0.0,0.0,0.0,0.0,0.0,0.0,0.0,77.78,100.0,0.0,100.0,0.0,92.75,98.72,0.9,88.46,88.67,42.57,0.73,0.0,820-825
827.5,0.0,0.0,0.0,0.0,0.0,0.0,0.0,0.0,0.0,0.0,0.0,0.0,0.0,0.0,0.0,0.0,0.0,0.0,0.0,0.0,8.56,0.0,0.0,0.0,0.0,0.0,0.0,0.0,0.0,0.0,0.0,0.0,0.0,0.0,0.0,0.0,0.0,0.0,77.7,96.03,0.0,99.34,0.0,98.76,98.92,0.95,88.45,100.0,0.0,0.27,0.0,825-830
832.5,0.0,0.0,0.0,0.0,0.0,0.0,0.0,0.0,0.0,0.0,0.0,0.0,0.0,0.0,0.0,0.0,0.0,0.0,0.0,0.0,6.7,0.0,0.0,0.0,0.0,0.0,0.0,0.0,0.0,0.0,0.0,0.0,0.0,0.0,0.0,0.0,0.0,0.0,74.88,95.2,0.0,97.08,0.0,85.93,96.78,1.52,91.25,100.0,0.0,0.07,0.0,830-835
837.5,0.0,0.0,0.0,0.0,0.0,0.0,0.0,0.0,0.0,0.0,0.0,0.0,0.0,0.0,0.0,0.0,0.0,0.0,0.0,0.0,4.74,0.0,0.0,0.0,0.0,0.0,0.0,0.0,0.0,0.0,0.0,0.0,0.0,0.0,0.0,0.0,0.0,0.0,73.81,95.5,0.0,99.44,0.0,86.55,96.8,1.55,77.54,100.0,0.0,0.43,0.0,835-840
842.5,0.0,0.0,0.0,0.0,0.0,0.0,0.0,0.0,0.0,0.0,0.0,0.0,0.0,0.0,0.0,0.0,0.0,0.0,0.0,0.0,2.66,0.0,0.0,0.0,0.0,0.0,0.0,0.0,0.0,0.0,0.0,0.0,0.0,0.0,0.0,0.0,0.0,0.0,64.92,78.91,0.0,97.03,0.0,100.0,100.0,1.57,91.08,100.0,0.0,1.3,0.0,840-845
847.5,0.0,0.0,0.0,0.0,0.0,0.0,0.0,0.0,0.0,0.0,0.0,0.0,0.0,0.0,0.0,0.0,0.0,0.0,0.0,0.0,0.61,0.0,0.0,0.0,0.0,0.0,0.0,0.0,0.0,0.0,0.0,0.0,0.0,0.0,0.0,0.0,0.0,0.0,62.66,80.6,0.0,99.33,0.0,100.0,100.0,1.0,64.69,1.67,0.0,1.03,0.0,845-850
852.5,0.0,0.0,0.0,0.0,0.0,0.0,0.0,0.0,0.0,0.0,0.0,0.0,0.0,0.0,0.0,0.0,0.0,0.0,0.0,0.0,0.0,0.0,0.0,0.0,0.0,0.0,0.0,0.0,0.0,0.0,0.0,0.0,0.0,0.0,0.0,0.0,0.0,0.0,62.79,74.26,0.0,97.34,0.0,87.5,96.9,1.52,22.16,0.0,0.0,1.0,0.0,850-855
857.5,0.0,0.0,0.0,0.0,0.0,0.0,0.0,0.0,0.0,0.0,0.0,0.0,0.0,0.0,0.0,0.0,0.0,0.0,0.0,0.0,0.0,0.0,0.0,0.0,0.0,0.0,0.0,0.0,0.0,0.0,0.0,0.0,0.0,0.0,0.0,0.0,0.0,0.0,62.96,87.5,0.0,100.0,0.0,90.8,97.35,0.0,0.0,0.0,0.0,0.0,0.0,855-860
862.5,0.0,0.0,0.0,0.0,0.0,0.0,0.0,0.0,0.0,0.0,0.0,0.0,0.0,0.0,0.0,0.0,0.0,0.0,0.0,0.0,0.0,0.0,0.0,0.0,0.0,0.0,0.0,0.0,0.0,0.0,0.0,0.0,0.0,0.0,0.0,0.0,0.0,0.0,62.88,86.82,0.0,100.0,0.0,100.0,100.0,0.0,0.0,0.0,0.0,0.0,0.0,860-865
867.5,0.0,0.0,0.0,0.0,0.0,0.0,0.0,0.0,0.0,0.0,0.0,0.0,0.0,0.0,0.0,0.0,0.0,0.0,0.0,0.0,0.0,0.0,0.0,0.0,0.0,0.0,0.0,0.0,0.0,0.0,0.0,0.0,0.0,0.0,0.0,0.0,0.0,0.0,62.31,60.91,0.0,92.7,0.0,82.76,95.53,0.0,0.0,0.0,0.0,0.0,0.0,865-870
872.5,0.0,0.0,0.0,0.0,0.0,0.0,0.0,0.0,0.0,0.0,0.0,0.0,0.0,0.0,0.0,0.0,0.0,0.0,0.0,0.0,0.0,0.0,0.0,0.0,0.0,0.0,0.0,0.0,0.0,0.0,0.0,0.0,0.0,0.0,0.0,0.0,0.0,0.0,59.59,74.88,0.0,97.27,0.0,77.71,30.0,0.0,0.0,0.0,0.0,0.0,0.0,870-875
877.5,0.0,0.0,0.0,0.0,0.0,0.0,0.0,0.0,0.0,0.0,0.0,0.0,0.0,0.0,0.0,0.0,0.0,0.0,0.0,0.0,0.0,0.0,0.0,0.0,0.0,0.0,0.0,0.0,0.0,0.0,0.0,0.0,0.0,0.0,0.0,0.0,0.0,0.0,59.26,87.5,0.0,100.0,0.0,62.5,0.0,0.0,0.0,0.0,0.0,0.0,0.0,875-880
882.5,0.0,0.0,0.0,0.0,0.0,0.0,0.0,0.0,0.0,0.0,0.0,0.0,0.0,0.0,0.0,0.0,0.0,0.0,0.0,0.0,0.0,0.0,0.0,0.0,0.0,0.0,0.0,0.0,0.0,0.0,0.0,0.0,0.0,0.0,0.0,0.0,0.0,0.0,55.29,62.22,0.0,93.92,0.0,62.5,0.0,0.0,0.0,0.0,0.0,0.0,0.0,880-885
887.5,0.0,0.0,0.0,0.0,0.0,0.0,0.0,0.0,0.0,0.0,0.0,0.0,0.0,0.0,0.0,0.0,0.0,0.0,0.0,0.0,0.0,0.0,0.0,0.0,0.0,0.0,0.0,0.0,0.0,0.0,0.0,0.0,0.0,0.0,0.0,0.0,0.0,0.0,47.59,40.89,0.0,87.98,0.0,18.1,0.0,0.0,0.0,0.0,0.0,0.0,0.0,885-890
892.5,0.0,0.0,0.0,0.0,0.0,0.0,0.0,0.0,0.0,0.0,0.0,0.0,0.0,0.0,0.0,0.0,0.0,0.0,0.0,0.0,0.0,0.0,0.0,0.0,0.0,0.0,0.0,0.0,0.0,0.0,0.0,0.0,0.0,0.0,0.0,0.0,0.0,0.0,44.37,83.38,0.0,99.32,0.0,0.0,0.0,0.0,0.0,0.0,0.0,0.0,0.0,890-895
897.5,0.0,0.0,0.0,0.0,0.0,0.0,0.0,0.0,0.0,0.0,0.0,0.0,0.0,0.0,0.0,0.0,0.0,0.0,0.0,0.0,0.0,0.0,0.0,0.0,0.0,0.0,0.0,0.0,0.0,0.0,0.0,0.0,0.0,0.0,0.0,0.0,0.0,0.0,44.36,88.45,0.0,99.33,0.0,0.0,0.0,0.0,0.0,0.0,0.0,0.0,0.0,895-900
902.5,0.0,0.0,0.0,0.0,0.0,0.0,0.0,0.0,0.0,0.0,0.0,0.0,0.0,0.0,0.0,0.0,0.0,0.0,0.0,0.0,0.0,0.0,0.0,0.0,0.0,0.0,0.0,0.0,0.0,0.0,0.0,0.0,0.0,0.0,0.0,0.0,0.0,0.0,44.36,96.02,0.0,99.31,0.0,0.0,0.0,0.0,0.0,0.0,0.0,0.0,0.0,900-905
907.5,0.0,0.0,0.0,0.0,0.0,0.0,0.0,0.0,0.0,0.0,0.0,0.0,0.0,0.0,0.0,0.0,0.0,0.0,0.0,0.0,0.0,0.0,0.0,0.0,0.0,0.0,0.0,0.0,0.0,0.0,0.0,0.0,0.0,0.0,0.0,0.0,0.0,0.0,44.36,98.51,0.0,100.0,0.0,0.0,0.0,0.0,0.0,0.0,0.0,0.0,0.0,905-910
912.5,0.0,0.0,0.0,0.0,0.0,0.0,0.0,0.0,0.0,0.0,0.0,0.0,0.0,0.0,0.0,0.0,0.0,0.0,0.0,0.0,0.0,0.0,0.0,0.0,0.0,0.0,0.0,0.0,0.0,0.0,0.0,0.0,0.0,0.0,0.0,0.0,0.0,0.0,44.37,93.09,0.0,97.34,0.0,0.0,0.0,0.0,0.0,0.0,0.0,0.0,0.0,910-915
917.5,0.0,0.0,0.0,0.0,0.0,0.0,0.0,0.0,0.0,0.0,0.0,0.0,0.0,0.0,0.0,0.0,0.0,0.0,0.0,0.0,0.0,0.0,0.0,0.0,0.0,0.0,0.0,0.0,0.0,0.0,0.0,0.0,0.0,0.0,0.0,0.0,0.0,0.0,44.28,94.57,0.0,99.29,0.0,0.0,0.0,0.0,0.0,0.0,0.0,0.0,0.0,915-920
922.5,0.0,0.0,0.0,0.0,0.0,0.0,0.0,0.0,0.0,0.0,0.0,0.0,0.0,0.0,0.0,0.0,0.0,0.0,0.0,0.0,0.0,0.0,0.0,0.0,0.0,0.0,0.0,0.0,0.0,0.0,0.0,0.0,0.0,0.0,0.0,0.0,0.0,0.0,44.28,89.6,0.0,97.98,0.0,0.0,0.0,0.0,0.0,0.0,0.0,0.0,0.0,920-925
927.5,0.0,0.0,0.0,0.0,0.0,0.0,0.0,0.0,0.0,0.0,0.0,0.0,0.0,0.0,0.0,0.0,0.0,0.0,0.0,0.0,0.0,0.0,0.0,0.0,0.0,0.0,0.0,0.0,0.0,0.0,0.0,0.0,0.0,0.0,0.0,0.0,0.0,0.0,44.44,100.0,0.0,100.0,0.0,0.0,0.0,0.0,0.0,0.0,0.0,0.0,0.0,925-930
932.5,0.0,0.0,0.0,0.0,0.0,0.0,0.0,0.0,0.0,0.0,0.0,0.0,0.0,0.0,0.0,0.0,0.0,0.0,0.0,0.0,0.0,0.0,0.0,0.0,0.0,0.0,0.0,0.0,0.0,0.0,0.0,0.0,0.0,0.0,0.0,0.0,0.0,0.0,44.44,100.0,0.0,100.0,0.0,0.0,0.0,0.0,0.0,0.0,0.0,0.0,0.0,930-935
937.5,0.0,0.0,0.0,0.0,0.0,0.0,0.0,0.0,0.0,0.0,0.0,0.0,0.0,0.0,0.0,0.0,0.0,0.0,0.0,0.0,0.0,0.0,0.0,0.0,0.0,0.0,0.0,0.0,0.0,0.0,0.0,0.0,0.0,0.0,0.0,0.0,0.0,0.0,44.28,92.82,0.0,99.32,0.0,0.0,0.0,0.0,0.0,0.0,0.0,0.0,0.0,935-940
942.5,0.0,0.0,0.0,0.0,0.0,0.0,0.0,0.0,0.0,0.0,0.0,0.0,0.0,0.0,0.0,0.0,0.0,0.0,0.0,0.0,0.0,0.0,0.0,0.0,0.0,0.0,0.0,0.0,0.0,0.0,0.0,0.0,0.0,0.0,0.0,0.0,0.0,0.0,41.38,75.73,0.0,92.81,0.0,0.0,0.0,0.0,0.0,0.0,0.0,0.0,0.0,940-945
947.5,0.0,0.0,0.0,0.0,0.0,0.0,0.0,0.0,0.0,0.0,0.0,0.0,0.0,0.0,0.0,0.0,0.0,0.0,0.0,0.0,0.0,0.0,0.0,0.0,0.0,0.0,0.0,0.0,0.0,0.0,0.0,0.0,0.0,0.0,0.0,0.0,0.0,0.0,40.49,81.42,0.0,94.03,0.0,0.0,0.0,0.0,0.0,0.0,0.0,0.0,0.0,945-950
952.5,0.0,0.0,0.0,0.0,0.0,0.0,0.0,0.0,0.0,0.0,0.0,0.0,0.0,0.0,0.0,0.0,0.0,0.0,0.0,0.0,0.0,0.0,0.0,0.0,0.0,0.0,0.0,0.0,0.0,0.0,0.0,0.0,0.0,0.0,0.0,0.0,0.0,0.0,40.66,97.2,0.0,100.0,0.0,0.0,0.0,0.0,0.0,0.0,0.0,0.0,0.0,950-955
957.5,0.0,0.0,0.0,0.0,0.0,0.0,0.0,0.0,0.0,0.0,0.0,0.0,0.0,0.0,0.0,0.0,0.0,0.0,0.0,0.0,0.0,0.0,0.0,0.0,0.0,0.0,0.0,0.0,0.0,0.0,0.0,0.0,0.0,0.0,0.0,0.0,0.0,0.0,37.72,82.78,0.0,96.51,0.0,0.0,0.0,0.0,0.0,0.0,0.0,0.0,0.0,955-960
962.5,0.0,0.0,0.0,0.0,0.0,0.0,0.0,0.0,0.0,0.0,0.0,0.0,0.0,0.0,0.0,0.0,0.0,0.0,0.0,0.0,0.0,0.0,0.0,0.0,0.0,0.0,0.0,0.0,0.0,0.0,0.0,0.0,0.0,0.0,0.0,0.0,0.0,0.0,36.71,81.55,0.0,96.26,0.0,0.0,0.0,0.0,0.0,0.0,0.0,0.0,0.0,960-965
967.5,0.0,0.0,0.0,0.0,0.0,0.0,0.0,0.0,0.0,0.0,0.0,0.0,0.0,0.0,0.0,0.0,0.0,0.0,0.0,0.0,0.0,0.0,0.0,0.0,0.0,0.0,0.0,0.0,0.0,0.0,0.0,0.0,0.0,0.0,0.0,0.0,0.0,0.0,37.04,100.0,0.0,100.0,0.0,0.0,0.0,0.0,0.0,0.0,0.0,0.0,0.0,965-970
972.5,0.0,0.0,0.0,0.0,0.0,0.0,0.0,0.0,0.0,0.0,0.0,0.0,0.0,0.0,0.0,0.0,0.0,0.0,0.0,0.0,0.0,0.0,0.0,0.0,0.0,0.0,0.0,0.0,0.0,0.0,0.0,0.0,0.0,0.0,0.0,0.0,0.0,0.0,36.11,85.79,0.0,94.33,0.0,0.0,0.0,0.0,0.0,0.0,0.0,0.0,0.0,970-975
977.5,0.0,0.0,0.0,0.0,0.0,0.0,0.0,0.0,0.0,0.0,0.0,0.0,0.0,0.0,0.0,0.0,0.0,0.0,0.0,0.0,0.0,0.0,0.0,0.0,0.0,0.0,0.0,0.0,0.0,0.0,0.0,0.0,0.0,0.0,0.0,0.0,0.0,0.0,32.28,80.02,0.0,69.74,0.0,0.0,0.0,0.0,0.0,0.0,0.0,0.0,0.0,975-980
982.5,0.0,0.0,0.0,0.0,0.0,0.0,0.0,0.0,0.0,0.0,0.0,0.0,0.0,0.0,0.0,0.0,0.0,0.0,0.0,0.0,0.0,0.0,0.0,0.0,0.0,0.0,0.0,0.0,0.0,0.0,0.0,0.0,0.0,0.0,0.0,0.0,0.0,0.0,29.46,91.0,0.0,63.23,0.0,0.0,0.0,0.0,0.0,0.0,0.0,0.0,0.0,980-985
987.5,0.0,0.0,0.0,0.0,0.0,0.0,0.0,0.0,0.0,0.0,0.0,0.0,0.0,0.0,0.0,0.0,0.0,0.0,0.0,0.0,0.0,0.0,0.0,0.0,0.0,0.0,0.0,0.0,0.0,0.0,0.0,0.0,0.0,0.0,0.0,0.0,0.0,0.0,29.21,76.0,0.0,67.51,0.0,0.0,0.0,0.0,0.0,0.0,0.0,0.0,0.0,985-990
992.5,0.0,0.0,0.0,0.0,0.0,0.0,0.0,0.0,0.0,0.0,0.0,0.0,0.0,0.0,0.0,0.0,0.0,0.0,0.0,0.0,0.0,0.0,0.0,0.0,0.0,0.0,0.0,0.0,0.0,0.0,0.0,0.0,0.0,0.0,0.0,0.0,0.0,0.0,24.94,79.0,0.0,85.56,0.0,0.0,0.0,0.0,0.0,0.0,0.0,0.0,0.0,990-995
997.5,0.0,0.0,0.0,0.0,0.0,0.0,0.0,0.0,0.0,0.0,0.0,0.0,0.0,0.0,0.0,0.0,0.0,0.0,0.0,0.0,0.0,0.0,0.0,0.0,0.0,0.0,0.0,0.0,0.0,0.0,0.0,0.0,0.0,0.0,0.0,0.0,0.0,0.0,19.94,95.95,0.0,99.33,0.0,0.0,0.0,0.0,0.0,0.0,0.0,0.0,0.0,995-1000
1002.5,0.0,0.0,0.0,0.0,0.0,0.0,0.0,0.0,0.0,0.0,0.0,0.0,0.0,0.0,0.0,0.0,0.0,0.0,0.0,0.0,0.0,0.0,0.0,0.0,0.0,0.0,0.0,0.0,0.0,0.0,0.0,0.0,0.0,0.0,0.0,0.0,0.0,0.0,18.06,93.22,0.0,98.11,0.0,0.0,0.0,0.0,0.0,0.0,0.0,0.0,0.0,1000-1005
1007.5,0.0,0.0,0.0,0.0,0.0,0.0,0.0,0.0,0.0,0.0,0.0,0.0,0.0,0.0,0.0,0.0,0.0,0.0,0.0,0.0,0.0,0.0,0.0,0.0,0.0,0.0,0.0,0.0,0.0,0.0,0.0,0.0,0.0,0.0,0.0,0.0,0.0,0.0,12.14,77.15,0.0,92.67,0.0,0.0,0.0,0.0,0.0,0.0,0.0,0.0,0.0,1005-1010
1012.5,0.0,0.0,0.0,0.0,0.0,0.0,0.0,0.0,0.0,0.0,0.0,0.0,0.0,0.0,0.0,0.0,0.0,0.0,0.0,0.0,0.0,0.0,0.0,0.0,0.0,0.0,0.0,0.0,0.0,0.0,0.0,0.0,0.0,0.0,0.0,0.0,0.0,0.0,10.76,81.0,0.0,96.72,0.0,0.0,0.0,0.0,0.0,0.0,0.0,0.0,0.0,1010-1015
1017.5,0.0,0.0,0.0,0.0,0.0,0.0,0.0,0.0,0.0,0.0,0.0,0.0,0.0,0.0,0.0,0.0,0.0,0.0,0.0,0.0,0.0,0.0,0.0,0.0,0.0,0.0,0.0,0.0,0.0,0.0,0.0,0.0,0.0,0.0,0.0,0.0,0.0,0.0,5.78,80.0,0.0,92.76,0.0,0.0,0.0,0.0,0.0,0.0,0.0,0.0,0.0,1015-1020
1022.5,0.0,0.0,0.0,0.0,0.0,0.0,0.0,0.0,0.0,0.0,0.0,0.0,0.0,0.0,0.0,0.0,0.0,0.0,0.0,0.0,0.0,0.0,0.0,0.0,0.0,0.0,0.0,0.0,0.0,0.0,0.0,0.0,0.0,0.0,0.0,0.0,0.0,0.0,0.0,88.15,0.0,86.46,0.0,0.0,0.0,0.0,0.0,0.0,0.0,0.0,0.0,1020-1025
1027.5,0.0,0.0,0.0,0.0,0.0,0.0,0.0,0.0,0.0,0.0,0.0,0.0,0.0,0.0,0.0,0.0,0.0,0.0,0.0,0.0,0.0,0.0,0.0,0.0,0.0,0.0,0.0,0.0,0.0,0.0,0.0,0.0,0.0,0.0,0.0,0.0,0.0,0.0,0.0,77.61,0.0,64.01,0.0,0.0,0.0,0.0,0.0,0.0,0.0,0.0,0.0,1025-1030
1032.5,0.0,0.0,0.0,0.0,0.0,0.0,0.0,0.0,0.0,0.0,0.0,0.0,0.0,0.0,0.0,0.0,0.0,0.0,0.0,0.0,0.0,0.0,0.0,0.0,0.0,0.0,0.0,0.0,0.0,0.0,0.0,0.0,0.0,0.0,0.0,0.0,0.0,0.0,0.0,78.58,0.0,60.6,0.0,0.0,0.0,0.0,0.0,0.0,0.0,0.0,0.0,1030-1035
1037.5,0.0,0.0,0.0,0.0,0.0,0.0,0.0,0.0,0.0,0.0,0.0,0.0,0.0,0.0,0.0,0.0,0.0,0.0,0.0,0.0,0.0,0.0,0.0,0.0,0.0,0.0,0.0,0.0,0.0,0.0,0.0,0.0,0.0,0.0,0.0,0.0,0.0,0.0,0.0,84.1,0.0,41.77,0.0,0.0,0.0,0.0,0.0,0.0,0.0,0.0,0.0,1035-1040
1042.5,0.0,0.0,0.0,0.0,0.0,0.0,0.0,0.0,0.0,0.0,0.0,0.0,0.0,0.0,0.0,0.0,0.0,0.0,0.0,0.0,0.0,0.0,0.0,0.0,0.0,0.0,0.0,0.0,0.0,0.0,0.0,0.0,0.0,0.0,0.0,0.0,0.0,0.0,0.0,100.0,0.0,33.33,0.0,0.0,0.0,0.0,0.0,0.0,0.0,0.0,0.0,1040-1045
1047.5,0.0,0.0,0.0,0.0,0.0,0.0,0.0,0.0,0.0,0.0,0.0,0.0,0.0,0.0,0.0,0.0,0.0,0.0,0.0,0.0,0.0,0.0,0.0,0.0,0.0,0.0,0.0,0.0,0.0,0.0,0.0,0.0,0.0,0.0,0.0,0.0,0.0,0.0,0.0,92.0,0.0,31.8,0.0,0.0,0.0,0.0,0.0,0.0,0.0,0.0,0.0,1045-1050
1052.5,0.0,0.0,0.0,0.0,0.0,0.0,0.0,0.0,0.0,0.0,0.0,0.0,0.0,0.0,0.0,0.0,0.0,0.0,0.0,0.0,0.0,0.0,0.0,0.0,0.0,0.0,0.0,0.0,0.0,0.0,0.0,0.0,0.0,0.0,0.0,0.0,0.0,0.0,0.0,96.07,0.0,32.67,0.0,0.0,0.0,0.0,0.0,0.0,0.0,0.0,0.0,1050-1055
1057.5,0.0,0.0,0.0,0.0,0.0,0.0,0.0,0.0,0.0,0.0,0.0,0.0,0.0,0.0,0.0,0.0,0.0,0.0,0.0,0.0,0.0,0.0,0.0,0.0,0.0,0.0,0.0,0.0,0.0,0.0,0.0,0.0,0.0,0.0,0.0,0.0,0.0,0.0,0.0,98.52,0.0,33.33,0.0,0.0,0.0,0.0,0.0,0.0,0.0,0.0,0.0,1055-1060
1062.5,0.0,0.0,0.0,0.0,0.0,0.0,0.0,0.0,0.0,0.0,0.0,0.0,0.0,0.0,0.0,0.0,0.0,0.0,0.0,0.0,0.0,0.0,0.0,0.0,0.0,0.0,0.0,0.0,0.0,0.0,0.0,0.0,0.0,0.0,0.0,0.0,0.0,0.0,0.0,66.81,0.0,22.26,0.0,0.0,0.0,0.0,0.0,0.0,0.0,0.0,0.0,1060-1065
1067.5,0.0,0.0,0.0,0.0,0.0,0.0,0.0,0.0,0.0,0.0,0.0,0.0,0.0,0.0,0.0,0.0,0.0,0.0,0.0,0.0,0.0,0.0,0.0,0.0,0.0,0.0,0.0,0.0,0.0,0.0,0.0,0.0,0.0,0.0,0.0,0.0,0.0,0.0,0.0,61.81,0.0,0.0,0.0,0.0,0.0,0.0,0.0,0.0,0.0,0.0,0.0,1065-1070
1072.5,0.0,0.0,0.0,0.0,0.0,0.0,0.0,0.0,0.0,0.0,0.0,0.0,0.0,0.0,0.0,0.0,0.0,0.0,0.0,0.0,0.0,0.0,0.0,0.0,0.0,0.0,0.0,0.0,0.0,0.0,0.0,0.0,0.0,0.0,0.0,0.0,0.0,0.0,0.0,5.77,0.0,0.0,0.0,0.0,0.0,0.0,0.0,0.0,0.0,0.0,0.0,1070-1075
1077.5,0.0,0.0,0.0,0.0,0.0,0.0,0.0,0.0,0.0,0.0,0.0,0.0,0.0,0.0,0.0,0.0,0.0,0.0,0.0,0.0,0.0,0.0,0.0,0.0,0.0,0.0,0.0,0.0,0.0,0.0,0.0,0.0,0.0,0.0,0.0,0.0,0.0,0.0,0.0,0.0,0.0,0.0,0.0,0.0,0.0,0.0,0.0,0.0,0.0,0.0,0.0,1075-1080
1082.5,0.0,0.0,0.0,0.0,0.0,0.0,0.0,0.0,0.0,0.0,0.0,0.0,0.0,0.0,0.0,0.0,0.0,0.0,0.0,0.0,0.0,0.0,0.0,0.0,0.0,0.0,0.0,0.0,0.0,0.0,0.0,0.0,0.0,0.0,0.0,0.0,0.0,0.0,0.0,0.0,0.0,0.0,0.0,0.0,0.0,0.0,0.0,0.0,0.0,0.0,0.0,1080-1085
1087.5,0.0,0.0,0.0,0.0,0.0,0.0,0.0,0.0,0.0,0.0,0.0,0.0,0.0,0.0,0.0,0.0,0.0,0.0,0.0,0.0,0.0,0.0,0.0,0.0,0.0,0.0,0.0,0.0,0.0,0.0,0.0,0.0,0.0,0.0,0.0,0.0,0.0,0.0,0.0,0.0,0.0,0.0,0.0,0.0,0.0,0.0,0.0,0.0,0.0,0.0,0.0,1085-1090
1092.5,0.0,0.0,0.0,0.0,0.0,0.0,0.0,0.0,0.0,0.0,0.0,0.0,0.0,0.0,0.0,0.0,0.0,0.0,0.0,0.0,0.0,0.0,0.0,0.0,0.0,0.0,0.0,0.0,0.0,0.0,0.0,0.0,0.0,0.0,0.0,0.0,0.0,0.0,0.0,0.0,0.0,0.0,0.0,0.0,0.0,0.0,0.0,0.0,0.0,0.0,0.0,1090-1095
1097.5,0.0,0.0,0.0,0.0,0.0,0.0,0.0,0.0,0.0,0.0,0.0,0.0,0.0,0.0,0.0,0.0,0.0,0.0,0.0,0.0,0.0,0.0,0.0,0.0,0.0,0.0,0.0,0.0,0.0,0.0,0.0,0.0,0.0,0.0,0.0,0.0,0.0,0.0,0.0,0.0,0.0,0.0,0.0,0.0,0.0,0.0,0.0,0.0,0.0,0.0,0.0,1095-1100
1102.5,0.0,0.0,0.0,0.0,0.0,0.0,0.0,0.0,0.0,0.0,0.0,0.0,0.0,0.0,0.0,0.0,0.0,0.0,0.0,0.0,0.0,0.0,0.0,0.0,0.0,0.0,0.0,0.0,0.0,0.0,0.0,0.0,0.0,0.0,0.0,0.0,0.0,0.0,0.0,0.0,0.0,0.0,0.0,0.0,0.0,0.0,0.0,0.0,0.0,0.0,0.0,1100-1105
1107.5,0.0,0.0,0.0,0.0,0.0,0.0,0.0,0.0,0.0,0.0,0.0,0.0,0.0,0.0,0.0,0.0,0.0,0.0,0.0,0.0,0.0,0.0,0.0,0.0,0.0,0.0,0.0,0.0,0.0,0.0,0.0,0.0,0.0,0.0,0.0,0.0,0.0,0.0,0.0,0.0,0.0,0.0,0.0,0.0,0.0,0.0,0.0,0.0,0.0,0.0,0.0,1105-1110
1112.5,0.0,0.0,0.0,0.0,0.0,0.0,0.0,0.0,0.0,0.0,0.0,0.0,0.0,0.0,0.0,0.0,0.0,0.0,0.0,0.0,0.0,0.0,0.0,0.0,0.0,0.0,0.0,0.0,0.0,0.0,0.0,0.0,0.0,0.0,0.0,0.0,0.0,0.0,0.0,0.0,0.0,0.0,0.0,0.0,0.0,0.0,0.0,0.0,0.0,0.0,0.0,1110-1115
1117.5,0.0,0.0,0.0,0.0,0.0,0.0,0.0,0.0,0.0,0.0,0.0,0.0,0.0,0.0,0.0,0.0,0.0,0.0,0.0,0.0,0.0,0.0,0.0,0.0,0.0,0.0,0.0,0.0,0.0,0.0,0.0,0.0,0.0,0.0,0.0,0.0,0.0,0.0,0.0,0.0,0.0,0.0,0.0,0.0,0.0,0.0,0.0,0.0,0.0,0.0,0.0,1115-1120
1122.5,0.0,0.0,0.0,0.0,0.0,0.0,0.0,0.0,0.0,0.0,0.0,0.0,0.0,0.0,0.0,0.0,0.0,0.0,0.0,0.0,0.0,0.0,0.0,0.0,0.0,0.0,0.0,0.0,0.0,0.0,0.0,0.0,0.0,0.0,0.0,0.0,0.0,0.0,0.0,0.0,0.0,0.0,0.0,0.0,0.0,0.0,0.0,0.0,0.0,0.0,0.0,1120-1125
1127.5,0.0,0.0,0.0,0.0,0.0,0.0,0.0,0.0,0.0,0.0,0.0,0.0,0.0,0.0,0.0,0.0,0.0,0.0,0.0,0.0,0.0,0.0,0.0,0.0,0.0,0.0,0.0,0.0,0.0,0.0,0.0,0.0,0.0,0.0,0.0,0.0,0.0,0.0,0.0,0.0,0.0,0.0,0.0,0.0,0.0,0.0,0.0,0.0,0.0,0.0,0.0,1125-1130
1132.5,0.0,0.0,0.0,0.0,0.0,0.0,0.0,0.0,0.0,0.0,0.0,0.0,0.0,0.0,0.0,0.0,0.0,0.0,0.0,0.0,0.0,0.0,0.0,0.0,0.0,0.0,0.0,0.0,0.0,0.0,0.0,0.0,0.0,0.0,0.0,0.0,0.0,0.0,0.0,0.0,0.0,0.0,0.0,0.0,0.0,0.0,0.0,0.0,0.0,0.0,0.0,1130-1135
1137.5,0.0,0.0,0.0,0.0,0.0,0.0,0.0,0.0,0.0,0.0,0.0,0.0,0.0,0.0,0.0,0.0,0.0,0.0,0.0,0.0,0.0,0.0,0.0,0.0,0.0,0.0,0.0,0.0,0.0,0.0,0.0,0.0,0.0,0.0,0.0,0.0,0.0,0.0,0.0,0.0,0.0,0.0,0.0,0.0,0.0,0.0,0.0,0.0,0.0,0.0,0.0,1135-1140
1142.5,0.0,0.0,0.0,0.0,0.0,0.0,0.0,0.0,0.0,0.0,0.0,0.0,0.0,0.0,0.0,0.0,0.0,0.0,0.0,0.0,0.0,0.0,0.0,0.0,0.0,0.0,0.0,0.0,0.0,0.0,0.0,0.0,0.0,0.0,0.0,0.0,0.0,0.0,0.0,0.0,0.0,0.0,0.0,0.0,0.0,0.0,0.0,0.0,0.0,0.0,0.0,1140-1145
1147.5,0.0,0.0,0.0,0.0,0.0,0.0,0.0,0.0,0.0,0.0,0.0,0.0,0.0,0.0,0.0,0.0,0.0,0.0,0.0,0.0,0.0,0.0,0.0,0.0,0.0,0.0,0.0,0.0,0.0,0.0,0.0,0.0,0.0,0.0,0.0,0.0,0.0,0.0,0.0,0.0,0.0,0.0,0.0,0.0,0.0,0.0,0.0,0.0,0.0,0.0,0.0,1145-1150
1152.5,0.0,0.0,0.0,0.0,0.0,0.0,0.0,0.0,0.0,0.0,0.0,0.0,0.0,0.0,0.0,0.0,0.0,0.0,0.0,0.0,0.0,0.0,0.0,0.0,0.0,0.0,0.0,0.0,0.0,0.0,0.0,0.0,0.0,0.0,0.0,0.0,0.0,0.0,0.0,0.0,0.0,0.0,0.0,0.0,0.0,0.0,0.0,0.0,0.0,0.0,0.0,1150-1155
1157.5,0.0,0.0,0.0,0.0,0.0,0.0,0.0,0.0,0.0,0.0,0.0,0.0,0.0,0.0,0.0,0.0,0.0,0.0,0.0,0.0,0.0,0.0,0.0,0.0,0.0,0.0,0.0,0.0,0.0,0.0,0.0,0.0,0.0,0.0,0.0,0.0,0.0,0.0,0.0,0.0,0.0,0.0,0.0,0.0,0.0,0.0,0.0,0.0,0.0,0.0,0.0,1155-1160
1162.5,0.0,0.0,0.0,0.0,0.0,0.0,0.0,0.0,0.0,0.0,0.0,0.0,0.0,0.0,0.0,0.0,0.0,0.0,0.0,0.0,0.0,0.0,0.0,0.0,0.0,0.0,0.0,0.0,0.0,0.0,0.0,0.0,0.0,0.0,0.0,0.0,0.0,0.0,0.0,0.0,0.0,0.0,0.0,0.0,0.0,0.0,0.0,0.0,0.0,0.0,0.0,1160-1165
1167.5,0.0,0.0,0.0,0.0,0.0,0.0,0.0,0.0,0.0,0.0,0.0,0.0,0.0,0.0,0.0,0.0,0.0,0.0,0.0,0.0,0.0,0.0,0.0,0.0,0.0,0.0,0.0,0.0,0.0,0.0,0.0,0.0,0.0,0.0,0.0,0.0,0.0,0.0,0.0,0.0,0.0,0.0,0.0,0.0,0.0,0.0,0.0,0.0,0.0,0.0,0.0,1165-1170
1172.5,0.0,0.0,0.0,0.0,0.0,0.0,0.0,0.0,0.0,0.0,0.0,0.0,0.0,0.0,0.0,0.0,0.0,0.0,0.0,0.0,0.0,0.0,0.0,0.0,0.0,0.0,0.0,0.0,0.0,0.0,0.0,0.0,0.0,0.0,0.0,0.0,0.0,0.0,0.0,0.0,0.0,0.0,0.0,0.0,0.0,0.0,0.0,0.0,0.0,0.0,0.0,1170-1175
1177.5,0.0,0.0,0.0,0.0,0.0,0.0,0.0,0.0,0.0,0.0,0.0,0.0,0.0,0.0,0.0,0.0,0.0,0.0,0.0,0.0,0.0,0.0,0.0,0.0,0.0,0.0,0.0,0.0,0.0,0.0,0.0,0.0,0.0,0.0,0.0,0.0,0.0,0.0,0.0,0.0,0.0,0.0,0.0,0.0,0.0,0.0,0.0,0.0,0.0,0.0,0.0,1175-1180
1182.5,0.0,0.0,0.0,0.0,0.0,0.0,0.0,0.0,0.0,0.0,0.0,0.0,0.0,0.0,0.0,0.0,0.0,0.0,0.0,0.0,0.0,0.0,0.0,0.0,0.0,0.0,0.0,0.0,0.0,0.0,0.0,0.0,0.0,0.0,0.0,0.0,0.0,0.0,0.0,0.0,0.0,0.0,0.0,0.0,0.0,0.0,0.0,0.0,0.0,0.0,0.0,1180-1185
1187.5,0.0,0.0,0.0,0.0,0.0,0.0,0.0,0.0,0.0,0.0,0.0,0.0,0.0,0.0,0.0,0.0,0.0,0.0,0.0,0.0,0.0,0.0,0.0,0.0,0.0,0.0,0.0,0.0,0.0,0.0,0.0,0.0,0.0,0.0,0.0,0.0,0.0,0.0,0.0,0.0,0.0,0.0,0.0,0.0,0.0,0.0,0.0,0.0,0.0,0.0,0.0,1185-1190
1192.5,0.0,0.0,0.0,0.0,0.0,0.0,0.0,0.0,0.0,0.0,0.0,0.0,0.0,0.0,0.0,0.0,0.0,0.0,0.0,0.0,0.0,0.0,0.0,0.0,0.0,0.0,0.0,0.0,0.0,0.0,0.0,0.0,0.0,0.0,0.0,0.0,0.0,0.0,0.0,0.0,0.0,0.0,0.0,0.0,0.0,0.0,0.0,0.0,0.0,0.0,0.0,1190-1195
1197.5,0.0,0.0,0.0,0.0,0.0,0.0,0.0,0.0,0.0,0.0,0.0,0.0,0.0,0.0,0.0,0.0,0.0,0.0,0.0,0.0,0.0,0.0,0.0,0.0,0.0,0.0,0.0,0.0,0.0,0.0,0.0,0.0,0.0,0.0,0.0,0.0,0.0,0.0,0.0,0.0,0.0,0.0,0.0,0.0,0.0,0.0,0.0,0.0,0.0,0.0,0.0,1195-1200
1202.5,0.0,0.0,0.0,0.0,0.0,0.0,0.0,0.0,0.0,0.0,0.0,0.0,0.0,0.0,0.0,0.0,0.0,0.0,0.0,0.0,0.0,0.0,0.0,0.0,0.0,0.0,0.0,0.0,0.0,0.0,0.0,0.0,0.0,0.0,0.0,0.0,0.0,0.0,0.0,0.0,0.0,0.0,0.0,0.0,0.0,0.0,0.0,0.0,0.0,0.0,0.0,1200-1205
1207.5,0.0,0.0,0.0,0.0,0.0,0.0,0.0,0.0,0.0,0.0,0.0,0.0,0.0,0.0,0.0,0.0,0.0,0.0,0.0,0.0,0.0,0.0,0.0,0.0,0.0,0.0,0.0,0.0,0.0,0.0,0.0,0.0,0.0,0.0,0.0,0.0,0.0,0.0,0.0,0.0,0.0,0.0,0.0,0.0,0.0,0.0,0.0,0.0,0.0,0.0,0.0,1205-1210
1212.5,0.0,0.0,0.0,0.0,0.0,0.0,0.0,0.0,0.0,0.0,0.0,0.0,0.0,0.0,0.0,0.0,0.0,0.0,0.0,0.0,0.0,0.0,0.0,0.0,0.0,0.0,0.0,0.0,0.0,0.0,0.0,0.0,0.0,0.0,0.0,0.0,0.0,0.0,0.0,0.0,0.0,0.0,0.0,0.0,0.0,0.0,0.0,0.0,0.0,0.0,0.0,1210-1215
1217.5,0.0,0.0,0.0,0.0,0.0,0.0,0.0,0.0,0.0,0.0,0.0,0.0,0.0,0.0,0.0,0.0,0.0,0.0,0.0,0.0,0.0,0.0,0.0,0.0,0.0,0.0,0.0,0.0,0.0,0.0,0.0,0.0,0.0,0.0,0.0,0.0,0.0,0.0,0.0,0.0,0.0,0.0,0.0,0.0,0.0,0.0,0.0,0.0,0.0,0.0,0.0,1215-1220
1222.5,0.0,0.0,0.0,0.0,0.0,0.0,0.0,0.0,0.0,0.0,0.0,0.0,0.0,0.0,0.0,0.0,0.0,0.0,0.0,0.0,0.0,0.0,0.0,0.0,0.0,0.0,0.0,0.0,0.0,0.0,0.0,0.0,0.0,0.0,0.0,0.0,0.0,0.0,0.0,0.0,0.0,0.0,0.0,0.0,0.0,0.0,0.0,0.0,0.0,0.0,0.0,1220-1225
1227.5,0.0,0.0,0.0,0.0,0.0,0.0,0.0,0.0,0.0,0.0,0.0,0.0,0.0,0.0,0.0,0.0,0.0,0.0,0.0,0.0,0.0,0.0,0.0,0.0,0.0,0.0,0.0,0.0,0.0,0.0,0.0,0.0,0.0,0.0,0.0,0.0,0.0,0.0,0.0,0.0,0.0,0.0,0.0,0.0,0.0,0.0,0.0,0.0,0.0,0.0,0.0,1225-1230
1232.5,0.0,0.0,0.0,0.0,0.0,0.0,0.0,0.0,0.0,0.0,0.0,0.0,0.0,0.0,0.0,0.0,0.0,0.0,0.0,0.0,0.0,0.0,0.0,0.0,0.0,0.0,0.0,0.0,0.0,0.0,0.0,0.0,0.0,0.0,0.0,0.0,0.0,0.0,0.0,0.0,0.0,0.0,0.0,0.0,0.0,0.0,0.0,0.0,0.0,0.0,0.0,1230-1235
1237.5,0.0,0.0,0.0,0.0,0.0,0.0,0.0,0.0,0.0,0.0,0.0,0.0,0.0,0.0,0.0,0.0,0.0,0.0,0.0,0.0,0.0,0.0,0.0,0.0,0.0,0.0,0.0,0.0,0.0,0.0,0.0,0.0,0.0,0.0,0.0,0.0,0.0,0.0,0.0,0.0,0.0,0.0,0.0,0.0,0.0,0.0,0.0,0.0,0.0,0.0,0.0,1235-1240
1242.5,0.0,0.0,0.0,0.0,0.0,0.0,0.0,0.0,0.0,0.0,0.0,0.0,0.0,0.0,0.0,0.0,0.0,0.0,0.0,0.0,0.0,0.0,0.0,0.0,0.0,0.0,0.0,0.0,0.0,0.0,0.0,0.0,0.0,0.0,0.0,0.0,0.0,0.0,0.0,0.0,0.0,0.0,0.0,0.0,0.0,0.0,0.0,0.0,0.0,0.0,0.0,1240-1245
1247.5,0.0,0.0,0.0,0.0,0.0,0.0,0.0,0.0,0.0,0.0,0.0,0.0,0.0,0.0,0.0,0.0,0.0,0.0,0.0,0.0,0.0,0.0,0.0,0.0,0.0,0.0,0.0,0.0,0.0,0.0,0.0,0.0,0.0,0.0,0.0,0.0,0.0,0.0,0.0,0.0,0.0,0.0,0.0,0.0,0.0,0.0,0.0,0.0,0.0,0.0,0.0,1245-1250
1252.5,0.0,0.0,0.0,0.0,0.0,0.0,0.0,0.0,0.0,0.0,0.0,0.0,0.0,0.0,0.0,0.0,0.0,0.0,0.0,0.0,0.0,0.0,0.0,0.0,0.0,0.0,0.0,0.0,0.0,0.0,0.0,0.0,0.0,0.0,0.0,0.0,0.0,0.0,0.0,0.0,0.0,0.0,0.0,0.0,0.0,0.0,0.0,0.0,0.0,0.0,0.0,1250-1255
1257.5,0.0,0.0,0.0,0.0,0.0,0.0,0.0,0.0,0.0,0.0,0.0,0.0,0.0,0.0,0.0,0.0,0.0,0.0,0.0,0.0,0.0,0.0,0.0,0.0,0.0,0.0,0.0,0.0,0.0,0.0,0.0,0.0,0.0,0.0,0.0,0.0,0.0,0.0,0.0,0.0,0.0,0.0,0.0,0.0,0.0,0.0,0.0,0.0,0.0,0.0,0.0,1255-1260
1262.5,0.0,0.0,0.0,0.0,0.0,0.0,0.0,0.0,0.0,0.0,0.0,0.0,0.0,0.0,0.0,0.0,0.0,0.0,0.0,0.0,0.0,0.0,0.0,0.0,0.0,0.0,0.0,0.0,0.0,0.0,0.0,0.0,0.0,0.0,0.0,0.0,0.0,0.0,0.0,0.0,0.0,0.0,0.0,0.0,0.0,0.0,0.0,0.0,0.0,0.0,0.0,1260-1265
1267.5,0.0,0.0,0.0,0.0,0.0,0.0,0.0,0.0,0.0,0.0,0.0,0.0,0.0,0.0,0.0,0.0,0.0,0.0,0.0,0.0,0.0,0.0,0.0,0.0,0.0,0.0,0.0,0.0,0.0,0.0,0.0,0.0,0.0,0.0,0.0,0.0,0.0,0.0,0.0,0.0,0.0,0.0,0.0,0.0,0.0,0.0,0.0,0.0,0.0,0.0,0.0,1265-1270
1272.5,0.0,0.0,0.0,0.0,0.0,0.0,0.0,0.0,0.0,0.0,0.0,0.0,0.0,0.0,0.0,0.0,0.0,0.0,0.0,0.0,0.0,0.0,0.0,0.0,0.0,0.0,0.0,0.0,0.0,0.0,0.0,0.0,0.0,0.0,0.0,0.0,0.0,0.0,0.0,0.0,0.0,0.0,0.0,0.0,0.0,0.0,0.0,0.0,0.0,0.0,0.0,1270-1275
1277.5,0.0,0.0,0.0,0.0,0.0,0.0,0.0,0.0,0.0,0.0,0.0,0.0,0.0,0.0,0.0,0.0,0.0,0.0,0.0,0.0,0.0,0.0,0.0,0.0,0.0,0.0,0.0,0.0,0.0,0.0,0.0,0.0,0.0,0.0,0.0,0.0,0.0,0.0,0.0,0.0,0.0,0.0,0.0,0.0,0.0,0.0,0.0,0.0,0.0,0.0,0.0,1275-1280
1282.5,0.0,0.0,0.0,0.0,0.0,0.0,0.0,0.0,0.0,0.0,0.0,0.0,0.0,0.0,0.0,0.0,0.0,0.0,0.0,0.0,0.0,0.0,0.0,0.0,0.0,0.0,0.0,0.0,0.0,0.0,0.0,0.0,0.0,0.0,0.0,0.0,0.0,0.0,0.0,0.0,0.0,0.0,0.0,0.0,0.0,0.0,0.0,0.0,0.0,0.0,0.0,1280-1285
1287.5,0.0,0.0,0.0,0.0,0.0,0.0,0.0,0.0,0.0,0.0,0.0,0.0,0.0,0.0,0.0,0.0,0.0,0.0,0.0,0.0,0.0,0.0,0.0,0.0,0.0,0.0,0.0,0.0,0.0,0.0,0.0,0.0,0.0,0.0,0.0,0.0,0.0,0.0,0.0,0.0,0.0,0.0,0.0,0.0,0.0,0.0,0.0,0.0,0.0,0.0,0.0,1285-1290
1292.5,0.0,0.0,0.0,0.0,0.0,0.0,0.0,0.0,0.0,0.0,0.0,0.0,0.0,0.0,0.0,0.0,0.0,0.0,0.0,0.0,0.0,0.0,0.0,0.0,0.0,0.0,0.0,0.0,0.0,0.0,0.0,0.0,0.0,0.0,0.0,0.0,0.0,0.0,0.0,0.0,0.0,0.0,0.0,0.0,0.0,0.0,0.0,0.0,0.0,0.0,0.0,1290-1295
1297.5,0.0,0.0,0.0,0.0,0.0,0.0,0.0,0.0,0.0,0.0,0.0,0.0,0.0,0.0,0.0,0.0,0.0,0.0,0.0,0.0,0.0,0.0,0.0,0.0,0.0,0.0,0.0,0.0,0.0,0.0,0.0,0.0,0.0,0.0,0.0,0.0,0.0,0.0,0.0,0.0,0.0,0.0,0.0,0.0,0.0,0.0,0.0,0.0,0.0,0.0,0.0,1295-1300
1302.5,0.0,0.0,0.0,0.0,0.0,0.0,0.0,0.0,0.0,0.0,0.0,0.0,0.0,0.0,0.0,0.0,0.0,0.0,0.0,0.0,0.0,0.0,0.0,0.0,0.0,0.0,0.0,0.0,0.0,0.0,0.0,0.0,0.0,0.0,0.0,0.0,0.0,0.0,0.0,0.0,0.0,0.0,0.0,0.0,0.0,0.0,0.0,0.0,0.0,0.0,0.0,1300-1305
1307.5,0.0,0.0,0.0,0.0,0.0,0.0,0.0,0.0,0.0,0.0,0.0,0.0,0.0,0.0,0.0,0.0,0.0,0.0,0.0,0.0,0.0,0.0,0.0,0.0,0.0,0.0,0.0,0.0,0.0,0.0,0.0,0.0,0.0,0.0,0.0,0.0,0.0,0.0,0.0,0.0,0.0,0.0,0.0,0.0,0.0,0.0,0.0,0.0,0.0,0.0,0.0,1305-1310
1312.5,0.0,0.0,0.0,0.0,0.0,0.0,0.0,0.0,0.0,0.0,0.0,0.0,0.0,0.0,0.0,0.0,0.0,0.0,0.0,0.0,0.0,0.0,0.0,0.0,0.0,0.0,0.0,0.0,0.0,0.0,0.0,0.0,0.0,0.0,0.0,0.0,0.0,0.0,0.0,0.0,0.0,0.0,0.0,0.0,0.0,0.0,0.0,0.0,0.0,0.0,0.0,1310-1315
1317.5,0.0,0.0,0.0,0.0,0.0,0.0,0.0,0.0,0.0,0.0,0.0,0.0,0.0,0.0,0.0,0.0,0.0,0.0,0.0,0.0,0.0,0.0,0.0,0.0,0.0,0.0,0.0,0.0,0.0,0.0,0.0,0.0,0.0,0.0,0.0,0.0,0.0,0.0,0.0,0.0,0.0,0.0,0.0,0.0,0.0,0.0,0.0,0.0,0.0,0.0,0.0,1315-1320
1322.5,0.0,0.0,0.0,0.0,0.0,0.0,0.0,0.0,0.0,0.0,0.0,0.0,0.0,0.0,0.0,0.0,0.0,0.0,0.0,0.0,0.0,0.0,0.0,0.0,0.0,0.0,0.0,0.0,0.0,0.0,0.0,0.0,0.0,0.0,0.0,0.0,0.0,0.0,0.0,0.0,0.0,0.0,0.0,0.0,0.0,0.0,0.0,0.0,0.0,0.0,0.0,1320-1325
1327.5,0.0,0.0,0.0,0.0,0.0,0.0,0.0,0.0,0.0,0.0,0.0,0.0,0.0,0.0,0.0,0.0,0.0,0.0,0.0,0.0,0.0,0.0,0.0,0.0,0.0,0.0,0.0,0.0,0.0,0.0,0.0,0.0,0.0,0.0,0.0,0.0,0.0,0.0,0.0,0.0,0.0,0.0,0.0,0.0,0.0,0.0,0.0,0.0,0.0,0.0,0.0,1325-1330
1332.5,0.0,0.0,0.0,0.0,0.0,0.0,0.0,0.0,0.0,0.0,0.0,0.0,0.0,0.0,0.0,0.0,0.0,0.0,0.0,0.0,0.0,0.0,0.0,0.0,0.0,0.0,0.0,0.0,0.0,0.0,0.0,0.0,0.0,0.0,0.0,0.0,0.0,0.0,0.0,0.0,0.0,0.0,0.0,0.0,0.0,0.0,0.0,0.0,0.0,0.0,0.0,1330-1335
1337.5,0.0,0.0,0.0,0.0,0.0,0.0,0.0,0.0,0.0,0.0,0.0,0.0,0.0,0.0,0.0,0.0,0.0,0.0,0.0,0.0,0.0,0.0,0.0,0.0,0.0,0.0,0.0,0.0,0.0,0.0,0.0,0.0,0.0,0.0,0.0,0.0,0.0,0.0,0.0,0.0,0.0,0.0,0.0,0.0,0.0,0.0,0.0,0.0,0.0,0.0,0.0,1335-1340
1342.5,0.0,0.0,0.0,0.0,0.0,0.0,0.0,0.0,0.0,0.0,0.0,0.0,0.0,0.0,0.0,0.0,0.0,0.0,0.0,0.0,0.0,0.0,0.0,0.0,0.0,0.0,0.0,0.0,0.0,0.0,0.0,0.0,0.0,0.0,0.0,0.0,0.0,0.0,0.0,0.0,0.0,0.0,0.0,0.0,0.0,0.0,0.0,0.0,0.0,0.0,0.0,1340-1345
1347.5,0.0,0.0,0.0,0.0,0.0,0.0,0.0,0.0,0.0,0.0,0.0,0.0,0.0,0.0,0.0,0.0,0.0,0.0,0.0,0.0,0.0,0.0,0.0,0.0,0.0,0.0,0.0,0.0,0.0,0.0,0.0,0.0,0.0,0.0,0.0,0.0,0.0,0.0,0.0,0.0,0.0,0.0,0.0,0.0,0.0,0.0,0.0,0.0,0.0,0.0,0.0,1345-1350
1352.5,0.0,0.0,0.0,0.0,0.0,0.0,0.0,0.0,0.0,0.0,0.0,0.0,0.0,0.0,0.0,0.0,0.0,0.0,0.0,0.0,0.0,0.0,0.0,0.0,0.0,0.0,0.0,0.0,0.0,0.0,0.0,0.0,0.0,0.0,0.0,0.0,0.0,0.0,0.0,0.0,0.0,0.0,0.0,0.0,0.0,0.0,0.0,0.0,0.0,0.0,0.0,1350-1355
1357.5,0.0,0.0,0.0,0.0,0.0,0.0,0.0,0.0,0.0,0.0,0.0,0.0,0.0,0.0,0.0,0.0,0.0,0.0,0.0,0.0,0.0,0.0,0.0,0.0,0.0,0.0,0.0,0.0,0.0,0.0,0.0,0.0,0.0,0.0,0.0,0.0,0.0,0.0,0.0,0.0,0.0,0.0,0.0,0.0,0.0,0.0,0.0,0.0,0.0,0.0,0.0,1355-1360
1362.5,0.0,0.0,0.0,0.0,0.0,0.0,0.0,0.0,0.0,0.0,0.0,0.0,0.0,0.0,0.0,0.0,0.0,0.0,0.0,0.0,0.0,0.0,0.0,0.0,0.0,0.0,0.0,0.0,0.0,0.0,0.0,0.0,0.0,0.0,0.0,0.0,0.0,0.0,0.0,0.0,0.0,0.0,0.0,0.0,0.0,0.0,0.0,0.0,0.0,0.0,0.0,1360-1365
1367.5,0.0,0.0,0.0,0.0,0.0,0.0,0.0,0.0,0.0,0.0,0.0,0.0,0.0,0.0,0.0,0.0,0.0,0.0,0.0,0.0,0.0,0.0,0.0,0.0,0.0,0.0,0.0,0.0,0.0,0.0,0.0,0.0,0.0,0.0,0.0,0.0,0.0,0.0,0.0,0.0,0.0,0.0,0.0,0.0,0.0,0.0,0.0,0.0,0.0,0.0,0.0,1365-1370
1372.5,0.0,0.0,0.0,0.0,0.0,0.0,0.0,0.0,0.0,0.0,0.0,0.0,0.0,0.0,0.0,0.0,0.0,0.0,0.0,0.0,0.0,0.0,0.0,0.0,0.0,0.0,0.0,0.0,0.0,0.0,0.0,0.0,0.0,0.0,0.0,0.0,0.0,0.0,0.0,0.0,0.0,0.0,0.0,0.0,0.0,0.0,0.0,0.0,0.0,0.0,0.0,1370-1375
1377.5,0.0,0.0,0.0,0.0,0.0,0.0,0.0,0.0,0.0,0.0,0.0,0.0,0.0,0.0,0.0,0.0,0.0,0.0,0.0,0.0,0.0,0.0,0.0,0.0,0.0,0.0,0.0,0.0,0.0,0.0,0.0,0.0,0.0,0.0,0.0,0.0,0.0,0.0,0.0,0.0,0.0,0.0,0.0,0.0,0.0,0.0,0.0,0.0,0.0,0.0,0.0,1375-1380
1382.5,0.0,0.0,0.0,0.0,0.0,0.0,0.0,0.0,0.0,0.0,0.0,0.0,0.0,0.0,0.0,0.0,0.0,0.0,0.0,0.0,0.0,0.0,0.0,0.0,0.0,0.0,0.0,0.0,0.0,0.0,0.0,0.0,0.0,0.0,0.0,0.0,0.0,0.0,0.0,0.0,0.0,0.0,0.0,0.0,0.0,0.0,0.0,0.0,0.0,0.0,0.0,1380-1385
1387.5,0.0,0.0,0.0,0.0,0.0,0.0,0.0,0.0,0.0,0.0,0.0,0.0,0.0,0.0,0.0,0.0,0.0,0.0,0.0,0.0,0.0,0.0,0.0,0.0,0.0,0.0,0.0,0.0,0.0,0.0,0.0,0.0,0.0,0.0,0.0,0.0,0.0,0.0,0.0,0.0,0.0,0.0,0.0,0.0,0.0,0.0,0.0,0.0,0.0,0.0,0.0,1385-1390
1392.5,0.0,0.0,0.0,0.0,0.0,0.0,0.0,0.0,0.0,0.0,0.0,0.0,0.0,0.0,0.0,0.0,0.0,0.0,0.0,0.0,0.0,0.0,0.0,0.0,0.0,0.0,0.0,0.0,0.0,0.0,0.0,0.0,0.0,0.0,0.0,0.0,0.0,0.0,0.0,0.0,0.0,0.0,0.0,0.0,0.0,0.0,0.0,0.0,0.0,0.0,0.0,1390-1395
1397.5,0.0,0.0,0.0,0.0,0.0,0.0,0.0,0.0,0.0,0.0,0.0,0.0,0.0,0.0,0.0,0.0,0.0,0.0,0.0,0.0,0.0,0.0,0.0,0.0,0.0,0.0,0.0,0.0,0.0,0.0,0.0,0.0,0.0,0.0,0.0,0.0,0.0,0.0,0.0,0.0,0.0,0.0,0.0,0.0,0.0,0.0,0.0,0.0,0.0,0.0,0.0,1395-1400
1402.5,0.0,0.0,0.0,0.0,0.0,0.0,0.0,0.0,0.0,0.0,0.0,0.0,0.0,0.0,0.0,0.0,0.0,0.0,0.0,0.0,0.0,0.0,0.0,0.0,0.0,0.0,0.0,0.0,0.0,0.0,0.0,0.0,0.0,0.0,0.0,0.0,0.0,0.0,0.0,0.0,0.0,0.0,0.0,0.0,0.0,0.0,0.0,0.0,0.0,0.0,0.0,1400-1405
1407.5,0.0,0.0,0.0,0.0,0.0,0.0,0.0,0.0,0.0,0.0,0.0,0.0,0.0,0.0,0.0,0.0,0.0,0.0,0.0,0.0,0.0,0.0,0.0,0.0,0.0,0.0,0.0,0.0,0.0,0.0,0.0,0.0,0.0,0.0,0.0,0.0,0.0,0.0,0.0,0.0,0.0,0.0,0.0,0.0,0.0,0.0,0.0,0.0,0.0,0.0,0.0,1405-1410
1412.5,0.0,0.0,0.0,0.0,0.0,0.0,0.0,0.0,0.0,0.0,0.0,0.0,0.0,0.0,0.0,0.0,0.0,0.0,0.0,0.0,0.0,0.0,0.0,0.0,0.0,0.0,0.0,0.0,0.0,0.0,0.0,0.0,0.0,0.0,0.0,0.0,0.0,0.0,0.0,0.0,0.0,0.0,0.0,0.0,0.0,0.0,0.0,0.0,0.0,0.0,0.0,1410-1415
1417.5,0.0,0.0,0.0,0.0,0.0,0.0,0.0,0.0,0.0,0.0,0.0,0.0,0.0,0.0,0.0,0.0,0.0,0.0,0.0,0.0,0.0,0.0,0.0,0.0,0.0,0.0,0.0,0.0,0.0,0.0,0.0,0.0,0.0,0.0,0.0,0.0,0.0,0.0,0.0,0.0,0.0,0.0,0.0,0.0,0.0,0.0,0.0,0.0,0.0,0.0,0.0,1415-1420
1422.5,0.0,0.0,0.0,0.0,0.0,0.0,0.0,0.0,0.0,0.0,0.0,0.0,0.0,0.0,0.0,0.0,0.0,0.0,0.0,0.0,0.0,0.0,0.0,0.0,0.0,0.0,0.0,0.0,0.0,0.0,0.0,0.0,0.0,0.0,0.0,0.0,0.0,0.0,0.0,0.0,0.0,0.0,0.0,0.0,0.0,0.0,0.0,0.0,0.0,0.0,0.0,1420-1425
1427.5,0.0,0.0,0.0,0.0,0.0,0.0,0.0,0.0,0.0,0.0,0.0,0.0,0.0,0.0,0.0,0.0,0.0,0.0,0.0,0.0,0.0,0.0,0.0,0.0,0.0,0.0,0.0,0.0,0.0,0.0,0.0,0.0,0.0,0.0,0.0,0.0,0.0,0.0,0.0,0.0,0.0,0.0,0.0,0.0,0.0,0.0,0.0,0.0,0.0,0.0,0.0,1425-1430
1432.5,0.0,0.0,0.0,0.0,0.0,0.0,0.0,0.0,0.0,0.0,0.0,0.0,0.0,0.0,0.0,0.0,0.0,0.0,0.0,0.0,0.0,0.0,0.0,0.0,0.0,0.0,0.0,0.0,0.0,0.0,0.0,0.0,0.0,0.0,0.0,0.0,0.0,0.0,0.0,0.0,0.0,0.0,0.0,0.0,0.0,0.0,0.0,0.0,0.0,0.0,0.0,1430-1435
1437.5,0.0,0.0,0.0,0.0,0.0,0.0,0.0,0.0,0.0,0.0,0.0,0.0,0.0,0.0,0.0,0.0,0.0,0.0,0.0,0.0,0.0,0.0,0.0,0.0,0.0,0.0,0.0,0.0,0.0,0.0,0.0,0.0,0.0,0.0,0.0,0.0,0.0,0.0,0.0,0.0,0.0,0.0,0.0,0.0,0.0,0.0,0.0,0.0,0.0,0.0,0.0,1435-1440
1442.5,0.0,0.0,0.0,0.0,0.0,0.0,0.0,0.0,0.0,0.0,0.0,0.0,0.0,0.0,0.0,0.0,0.0,0.0,0.0,0.0,0.0,0.0,0.0,0.0,0.0,0.0,0.0,0.0,0.0,0.0,0.0,0.0,0.0,0.0,0.0,0.0,0.0,0.0,0.0,0.0,0.0,0.0,0.0,0.0,0.0,0.0,0.0,0.0,0.0,0.0,0.0,1440-1445
1447.5,0.0,0.0,0.0,0.0,0.0,0.0,0.0,0.0,0.0,0.0,0.0,0.0,0.0,0.0,0.0,0.0,0.0,0.0,0.0,0.0,0.0,0.0,0.0,0.0,0.0,0.0,0.0,0.0,0.0,0.0,0.0,0.0,0.0,0.0,0.0,0.0,0.0,0.0,0.0,0.0,0.0,0.0,0.0,0.0,0.0,0.0,0.0,0.0,0.0,0.0,0.0,1445-1450
1452.5,0.0,0.0,0.0,0.0,0.0,0.0,0.0,0.0,0.0,0.0,0.0,0.0,0.0,0.0,0.0,0.0,0.0,0.0,0.0,0.0,0.0,0.0,0.0,0.0,0.0,0.0,0.0,0.0,0.0,0.0,0.0,0.0,0.0,0.0,0.0,0.0,0.0,0.0,0.0,0.0,0.0,0.0,0.0,0.0,0.0,0.0,0.0,0.0,0.0,0.0,0.0,1450-1455
1457.5,0.0,0.0,0.0,0.0,0.0,0.0,0.0,0.0,0.0,0.0,0.0,0.0,0.0,0.0,0.0,0.0,0.0,0.0,0.0,0.0,0.0,0.0,0.0,0.0,0.0,0.0,0.0,0.0,0.0,0.0,0.0,0.0,0.0,0.0,0.0,0.0,0.0,0.0,0.0,0.0,0.0,0.0,0.0,0.0,0.0,0.0,0.0,0.0,0.0,0.0,0.0,1455-1460
1462.5,0.0,0.0,0.0,0.0,0.0,0.0,0.0,0.0,0.0,0.0,0.0,0.0,0.0,0.0,0.0,0.0,0.0,0.0,0.0,0.0,0.0,0.0,0.0,0.0,0.0,0.0,0.0,0.0,0.0,0.0,0.0,0.0,0.0,0.0,0.0,0.0,0.0,0.0,0.0,0.0,0.0,0.0,0.0,0.0,0.0,0.0,0.0,0.0,0.0,0.0,0.0,1460-1465
1467.5,0.0,0.0,0.0,0.0,0.0,0.0,0.0,0.0,0.0,0.0,0.0,0.0,0.0,0.0,0.0,0.0,0.0,0.0,0.0,0.0,0.0,0.0,0.0,0.0,0.0,0.0,0.0,0.0,0.0,0.0,0.0,0.0,0.0,0.0,0.0,0.0,0.0,0.0,0.0,0.0,0.0,0.0,0.0,0.0,0.0,0.0,0.0,0.0,0.0,0.0,0.0,1465-1470
1472.5,0.0,0.0,0.0,0.0,0.0,0.0,0.0,0.0,0.0,0.0,0.0,0.0,0.0,0.0,0.0,0.0,0.0,0.0,0.0,0.0,0.0,0.0,0.0,0.0,0.0,0.0,0.0,0.0,0.0,0.0,0.0,0.0,0.0,0.0,0.0,0.0,0.0,0.0,0.0,0.0,0.0,0.0,0.0,0.0,0.0,0.0,0.0,0.0,0.0,0.0,0.0,1470-1475
1477.5,0.0,0.0,0.0,0.0,0.0,0.0,0.0,0.0,0.0,0.0,0.0,0.0,0.0,0.0,0.0,0.0,0.0,0.0,0.0,0.0,0.0,0.0,0.0,0.0,0.0,0.0,0.0,0.0,0.0,0.0,0.0,0.0,0.0,0.0,0.0,0.0,0.0,0.0,0.0,0.0,0.0,0.0,0.0,0.0,0.0,0.0,0.0,0.0,0.0,0.0,0.0,1475-1480
1482.5,0.0,0.0,0.0,0.0,0.0,0.0,0.0,0.0,0.0,0.0,0.0,0.0,0.0,0.0,0.0,0.0,0.0,0.0,0.0,0.0,0.0,0.0,0.0,0.0,0.0,0.0,0.0,0.0,0.0,0.0,0.0,0.0,0.0,0.0,0.0,0.0,0.0,0.0,0.0,0.0,0.0,0.0,0.0,0.0,0.0,0.0,0.0,0.0,0.0,0.0,0.0,1480-1485
1487.5,0.0,0.0,0.0,0.0,0.0,0.0,0.0,0.0,0.0,0.0,0.0,0.0,0.0,0.0,0.0,0.0,0.0,0.0,0.0,0.0,0.0,0.0,0.0,0.0,0.0,0.0,0.0,0.0,0.0,0.0,0.0,0.0,0.0,0.0,0.0,0.0,0.0,0.0,0.0,0.0,0.0,0.0,0.0,0.0,0.0,0.0,0.0,0.0,0.0,0.0,0.0,1485-1490
1492.5,0.0,0.0,0.0,0.0,0.0,0.0,0.0,0.0,0.0,0.0,0.0,0.0,0.0,0.0,0.0,0.0,0.0,0.0,0.0,0.0,0.0,0.0,0.0,0.0,0.0,0.0,0.0,0.0,0.0,0.0,0.0,0.0,0.0,0.0,0.0,0.0,0.0,0.0,0.0,0.0,0.0,0.0,0.0,0.0,0.0,0.0,0.0,0.0,0.0,0.0,0.0,1490-1495
1497.5,0.0,0.0,0.0,0.0,0.0,0.0,0.0,0.0,0.0,0.0,0.0,0.0,0.0,0.0,0.0,0.0,0.0,0.0,0.0,0.0,0.0,0.0,0.0,0.0,0.0,0.0,0.0,0.0,0.0,0.0,0.0,0.0,0.0,0.0,0.0,0.0,0.0,0.0,0.0,0.0,0.0,0.0,0.0,0.0,0.0,0.0,0.0,0.0,0.0,0.0,0.0,1495-1500
1502.5,0.0,0.0,0.0,0.0,0.0,0.0,0.0,0.0,0.0,0.0,0.0,0.0,0.0,0.0,0.0,0.0,0.0,0.0,0.0,0.0,0.0,0.0,0.0,0.0,0.0,0.0,0.0,0.0,0.0,0.0,0.0,0.0,0.0,0.0,0.0,0.0,0.0,0.0,0.0,0.0,0.0,0.0,0.0,0.0,0.0,0.0,0.0,0.0,0.0,0.0,0.0,1500-1505
1507.5,0.0,0.0,0.0,0.0,0.0,0.0,0.0,0.0,0.0,0.0,0.0,0.0,0.0,0.0,0.0,0.0,0.0,0.0,0.0,0.0,0.0,0.0,0.0,0.0,0.0,0.0,0.0,0.0,0.0,0.0,0.0,0.0,0.0,0.0,0.0,0.0,0.0,0.0,0.0,0.0,0.0,0.0,0.0,0.0,0.0,0.0,0.0,0.0,0.0,0.0,0.0,1505-1510
1512.5,0.0,0.0,0.0,0.0,0.0,0.0,0.0,0.0,0.0,0.0,0.0,0.0,0.0,0.0,0.0,0.0,0.0,0.0,0.0,0.0,0.0,0.0,0.0,0.0,0.0,0.0,0.0,0.0,0.0,0.0,0.0,0.0,0.0,0.0,0.0,0.0,0.0,0.0,0.0,0.0,0.0,0.0,0.0,0.0,0.0,0.0,0.0,0.0,0.0,0.0,0.0,1510-1515
1517.5,0.0,0.0,0.0,0.0,0.0,0.0,0.0,0.0,0.0,0.0,0.0,0.0,0.0,0.0,0.0,0.0,0.0,0.0,0.0,0.0,0.0,0.0,0.0,0.0,0.0,0.0,0.0,0.0,0.0,0.0,0.0,0.0,0.0,0.0,0.0,0.0,0.0,0.0,0.0,0.0,0.0,0.0,0.0,0.0,0.0,0.0,0.0,0.0,0.0,0.0,0.0,1515-1520
1522.5,0.0,0.0,0.0,0.0,0.0,0.0,0.0,0.0,0.0,0.0,0.0,0.0,0.0,0.0,0.0,0.0,0.0,0.0,0.0,0.0,0.0,0.0,0.0,0.0,0.0,0.0,0.0,0.0,0.0,0.0,0.0,0.0,0.0,0.0,0.0,0.0,0.0,0.0,0.0,0.0,0.0,0.0,0.0,0.0,0.0,0.0,0.0,0.0,0.0,0.0,0.0,1520-1525
1527.5,0.0,0.0,0.0,0.0,0.0,0.0,0.0,0.0,0.0,0.0,0.0,0.0,0.0,0.0,0.0,0.0,0.0,0.0,0.0,0.0,0.0,0.0,0.0,0.0,0.0,0.0,0.0,0.0,0.0,0.0,0.0,0.0,0.0,0.0,0.0,0.0,0.0,0.0,0.0,0.0,0.0,0.0,0.0,0.0,0.0,0.0,0.0,0.0,0.0,0.0,0.0,1525-1530
1532.5,0.0,0.0,0.0,0.0,0.0,0.0,0.0,0.0,0.0,0.0,0.0,0.0,0.0,0.0,0.0,0.0,0.0,0.0,0.0,0.0,0.0,0.0,0.0,0.0,0.0,0.0,0.0,0.0,0.0,0.0,0.0,0.0,0.0,0.0,0.0,0.0,0.0,0.0,0.0,0.0,0.0,0.0,0.0,0.0,0.0,0.0,0.0,0.0,0.0,0.0,0.0,1530-1535
1537.5,0.0,0.0,0.0,0.0,0.0,0.0,0.0,0.0,0.0,0.0,0.0,0.0,0.0,0.0,0.0,0.0,0.0,0.0,0.0,0.0,0.0,0.0,0.0,0.0,0.0,0.0,0.0,0.0,0.0,0.0,0.0,0.0,0.0,0.0,0.0,0.0,0.0,0.0,0.0,0.0,0.0,0.0,0.0,0.0,0.0,0.0,0.0,0.0,0.0,0.0,0.0,1535-1540
1542.5,0.0,0.0,0.0,0.0,0.0,0.0,0.0,0.0,0.0,0.0,0.0,0.0,0.0,0.0,0.0,0.0,0.0,0.0,0.0,0.0,0.0,0.0,0.0,0.0,0.0,0.0,0.0,0.0,0.0,0.0,0.0,0.0,0.0,0.0,0.0,0.0,0.0,0.0,0.0,0.0,0.0,0.0,0.0,0.0,0.0,0.0,0.0,0.0,0.0,0.0,0.0,1540-1545
1547.5,0.0,0.0,0.0,0.0,0.0,0.0,0.0,0.0,0.0,0.0,0.0,0.0,0.0,0.0,0.0,0.0,0.0,0.0,0.0,0.0,0.0,0.0,0.0,0.0,0.0,0.0,0.0,0.0,0.0,0.0,0.0,0.0,0.0,0.0,0.0,0.0,0.0,0.0,0.0,0.0,0.0,0.0,0.0,0.0,0.0,0.0,0.0,0.0,0.0,0.0,0.0,1545-1550
1552.5,0.0,0.0,0.0,0.0,0.0,0.0,0.0,0.0,0.0,0.0,0.0,0.0,0.0,0.0,0.0,0.0,0.0,0.0,0.0,0.0,0.0,0.0,0.0,0.0,0.0,0.0,0.0,0.0,0.0,0.0,0.0,0.0,0.0,0.0,0.0,0.0,0.0,0.0,0.0,0.0,0.0,0.0,0.0,0.0,0.0,0.0,0.0,0.0,0.0,0.0,0.0,1550-1555
1557.5,0.0,0.0,0.0,0.0,0.0,0.0,0.0,0.0,0.0,0.0,0.0,0.0,0.0,0.0,0.0,0.0,0.0,0.0,0.0,0.0,0.0,0.0,0.0,0.0,0.0,0.0,0.0,0.0,0.0,0.0,0.0,0.0,0.0,0.0,0.0,0.0,0.0,0.0,0.0,0.0,0.0,0.0,0.0,0.0,0.0,0.0,0.0,0.0,0.0,0.0,0.0,1555-1560
1562.5,0.0,0.0,0.0,0.0,0.0,0.0,0.0,0.0,0.0,0.0,0.0,0.0,0.0,0.0,0.0,0.0,0.0,0.0,0.0,0.0,0.0,0.0,0.0,0.0,0.0,0.0,0.0,0.0,0.0,0.0,0.0,0.0,0.0,0.0,0.0,0.0,0.0,0.0,0.0,0.0,0.0,0.0,0.0,0.0,0.0,0.0,0.0,0.0,0.0,0.0,0.0,1560-1565
1567.5,0.0,0.0,0.0,0.0,0.0,0.0,0.0,0.0,0.0,0.0,0.0,0.0,0.0,0.0,0.0,0.0,0.0,0.0,0.0,0.0,0.0,0.0,0.0,0.0,0.0,0.0,0.0,0.0,0.0,0.0,0.0,0.0,0.0,0.0,0.0,0.0,0.0,0.0,0.0,0.0,0.0,0.0,0.0,0.0,0.0,0.0,0.0,0.0,0.0,0.0,0.0,1565-1570
1572.5,0.0,0.0,0.0,0.0,0.0,0.0,0.0,0.0,0.0,0.0,0.0,0.0,0.0,0.0,0.0,0.0,0.0,0.0,0.0,0.0,0.0,0.0,0.0,0.0,0.0,0.0,0.0,0.0,0.0,0.0,0.0,0.0,0.0,0.0,0.0,0.0,0.0,0.0,0.0,0.0,0.0,0.0,0.0,0.0,0.0,0.0,0.0,0.0,0.0,0.0,0.0,1570-1575
1577.5,0.0,0.0,0.0,0.0,0.0,0.0,0.0,0.0,0.0,0.0,0.0,0.0,0.0,0.0,0.0,0.0,0.0,0.0,0.0,0.0,0.0,0.0,0.0,0.0,0.0,0.0,0.0,0.0,0.0,0.0,0.0,0.0,0.0,0.0,0.0,0.0,0.0,0.0,0.0,0.0,0.0,0.0,0.0,0.0,0.0,0.0,0.0,0.0,0.0,0.0,0.0,1575-1580
1582.5,0.0,0.0,0.0,0.0,0.0,0.0,0.0,0.0,0.0,0.0,0.0,0.0,0.0,0.0,0.0,0.0,0.0,0.0,0.0,0.0,0.0,0.0,0.0,0.0,0.0,0.0,0.0,0.0,0.0,0.0,0.0,0.0,0.0,0.0,0.0,0.0,0.0,0.0,0.0,0.0,0.0,0.0,0.0,0.0,0.0,0.0,0.0,0.0,0.0,0.0,0.0,1580-1585
1587.5,0.0,0.0,0.0,0.0,0.0,0.0,0.0,0.0,0.0,0.0,0.0,0.0,0.0,0.0,0.0,0.0,0.0,0.0,0.0,0.0,0.0,0.0,0.0,0.0,0.0,0.0,0.0,0.0,0.0,0.0,0.0,0.0,0.0,0.0,0.0,0.0,0.0,0.0,0.0,0.0,0.0,0.0,0.0,0.0,0.0,0.0,0.0,0.0,0.0,0.0,0.0,1585-1590
1592.5,0.0,0.0,0.0,0.0,0.0,0.0,0.0,0.0,0.0,0.0,0.0,0.0,0.0,0.0,0.0,0.0,0.0,0.0,0.0,0.0,0.0,0.0,0.0,0.0,0.0,0.0,0.0,0.0,0.0,0.0,0.0,0.0,0.0,0.0,0.0,0.0,0.0,0.0,0.0,0.0,0.0,0.0,0.0,0.0,0.0,0.0,0.0,0.0,0.0,0.0,0.0,1590-1595
1597.5,0.0,0.0,0.0,0.0,0.0,0.0,0.0,0.0,0.0,0.0,0.0,0.0,0.0,0.0,0.0,0.0,0.0,0.0,0.0,0.0,0.0,0.0,0.0,0.0,0.0,0.0,0.0,0.0,0.0,0.0,0.0,0.0,0.0,0.0,0.0,0.0,0.0,0.0,0.0,0.0,0.0,0.0,0.0,0.0,0.0,0.0,0.0,0.0,0.0,0.0,0.0,1595-1600
1602.5,0.0,0.0,0.0,0.0,0.0,0.0,0.0,0.0,0.0,0.0,0.0,0.0,0.0,0.0,0.0,0.0,0.0,0.0,0.0,0.0,0.0,0.0,0.0,0.0,0.0,0.0,0.0,0.0,0.0,0.0,0.0,0.0,0.0,0.0,0.0,0.0,0.0,0.0,0.0,0.0,0.0,0.0,0.0,0.0,0.0,0.0,0.0,0.0,0.0,0.0,0.0,1600-1605
1607.5,0.0,0.0,0.0,0.0,0.0,0.0,0.0,0.0,0.0,0.0,0.0,0.0,0.0,0.0,0.0,0.0,0.0,0.0,0.0,0.0,0.0,0.0,0.0,0.0,0.0,0.0,0.0,0.0,0.0,0.0,0.0,0.0,0.0,0.0,0.0,0.0,0.0,0.0,0.0,0.0,0.0,0.0,0.0,0.0,0.0,0.0,0.0,0.0,0.0,0.0,0.0,1605-1610
1612.5,0.0,0.0,0.0,0.0,0.0,0.0,0.0,0.0,0.0,0.0,0.0,0.0,0.0,0.0,0.0,0.0,0.0,0.0,0.0,0.0,0.0,0.0,0.0,0.0,0.0,0.0,0.0,0.0,0.0,0.0,0.0,0.0,0.0,0.0,0.0,0.0,0.0,0.0,0.0,0.0,0.0,0.0,0.0,0.0,0.0,0.0,0.0,0.0,0.0,0.0,0.0,1610-1615
1617.5,0.0,0.0,0.0,0.0,0.0,0.0,0.0,0.0,0.0,0.0,0.0,0.0,0.0,0.0,0.0,0.0,0.0,0.0,0.0,0.0,0.0,0.0,0.0,0.0,0.0,0.0,0.0,0.0,0.0,0.0,0.0,0.0,0.0,0.0,0.0,0.0,0.0,0.0,0.0,0.0,0.0,0.0,0.0,0.0,0.0,0.0,0.0,0.0,0.0,0.0,0.0,1615-1620
1622.5,0.0,0.0,0.0,0.0,0.0,0.0,0.0,0.0,0.0,0.0,0.0,0.0,0.0,0.0,0.0,0.0,0.0,0.0,0.0,0.0,0.0,0.0,0.0,0.0,0.0,0.0,0.0,0.0,0.0,0.0,0.0,0.0,0.0,0.0,0.0,0.0,0.0,0.0,0.0,0.0,0.0,0.0,0.0,0.0,0.0,0.0,0.0,0.0,0.0,0.0,0.0,1620-1625
1627.5,0.0,0.0,0.0,0.0,0.0,0.0,0.0,0.0,0.0,0.0,0.0,0.0,0.0,0.0,0.0,0.0,0.0,0.0,0.0,0.0,0.0,0.0,0.0,0.0,0.0,0.0,0.0,0.0,0.0,0.0,0.0,0.0,0.0,0.0,0.0,0.0,0.0,0.0,0.0,0.0,0.0,0.0,0.0,0.0,0.0,0.0,0.0,0.0,0.0,0.0,0.0,1625-1630
1632.5,0.0,0.0,0.0,0.0,0.0,0.0,0.0,0.0,0.0,0.0,0.0,0.0,0.0,0.0,0.0,0.0,0.0,0.0,0.0,0.0,0.0,0.0,0.0,0.0,0.0,0.0,0.0,0.0,0.0,0.0,0.0,0.0,0.0,0.0,0.0,0.0,0.0,0.0,0.0,0.0,0.0,0.0,0.0,0.0,0.0,0.0,0.0,0.0,0.0,0.0,0.0,1630-1635
1637.5,0.0,0.0,0.0,0.0,0.0,0.0,0.0,0.0,0.0,0.0,0.0,0.0,0.0,0.0,0.0,0.0,0.0,0.0,0.0,0.0,0.0,0.0,0.0,0.0,0.0,0.0,0.0,0.0,0.0,0.0,0.0,0.0,0.0,0.0,0.0,0.0,0.0,0.0,0.0,0.0,0.0,0.0,0.0,0.0,0.0,0.0,0.0,0.0,0.0,0.0,0.0,1635-1640
1642.5,0.0,0.0,0.0,0.0,0.0,0.0,0.0,0.0,0.0,0.0,0.0,0.0,0.0,0.0,0.0,0.0,0.0,0.0,0.0,0.0,0.0,0.0,0.0,0.0,0.0,0.0,0.0,0.0,0.0,0.0,0.0,0.0,0.0,0.0,0.0,0.0,0.0,0.0,0.0,0.0,0.0,0.0,0.0,0.0,0.0,0.0,0.0,0.0,0.0,0.0,0.0,1640-1645
1647.5,0.0,0.0,0.0,0.0,0.0,0.0,0.0,0.0,0.0,0.0,0.0,0.0,0.0,0.0,0.0,0.0,0.0,0.0,0.0,0.0,0.0,0.0,0.0,0.0,0.0,0.0,0.0,0.0,0.0,0.0,0.0,0.0,0.0,0.0,0.0,0.0,0.0,0.0,0.0,0.0,0.0,0.0,0.0,0.0,0.0,0.0,0.0,0.0,0.0,0.0,0.0,1645-1650
1652.5,0.0,0.0,0.0,0.0,0.0,0.0,0.0,0.0,0.0,0.0,0.0,0.0,0.0,0.0,0.0,0.0,0.0,0.0,0.0,0.0,0.0,0.0,0.0,0.0,0.0,0.0,0.0,0.0,0.0,0.0,0.0,0.0,0.0,0.0,0.0,0.0,0.0,0.0,0.0,0.0,0.0,0.0,0.0,0.0,0.0,0.0,0.0,0.0,0.0,0.0,0.0,1650-1655
1657.5,0.0,0.0,0.0,0.0,0.0,0.0,0.0,0.0,0.0,0.0,0.0,0.0,0.0,0.0,0.0,0.0,0.0,0.0,0.0,0.0,0.0,0.0,0.0,0.0,0.0,0.0,0.0,0.0,0.0,0.0,0.0,0.0,0.0,0.0,0.0,0.0,0.0,0.0,0.0,0.0,0.0,0.0,0.0,0.0,0.0,0.0,0.0,0.0,0.0,0.0,0.0,1655-1660
1662.5,0.0,0.0,0.0,0.0,0.0,0.0,0.0,0.0,0.0,0.0,0.0,0.0,0.0,0.0,0.0,0.0,0.0,0.0,0.0,0.0,0.0,0.0,0.0,0.0,0.0,0.0,0.0,0.0,0.0,0.0,0.0,0.0,0.0,0.0,0.0,0.0,0.0,0.0,0.0,0.0,0.0,0.0,0.0,0.0,0.0,0.0,0.0,0.0,0.0,0.0,0.0,1660-1665
1665.825,0.0,0.0,0.0,0.0,0.0,0.0,0.0,0.0,0.0,0.0,0.0,0.0,0.0,0.0,0.0,0.0,0.0,0.0,0.0,0.0,0.0,0.0,0.0,0.0,0.0,0.0,0.0,0.0,0.0,0.0,0.0,0.0,0.0,0.0,0.0,0.0,0.0,0.0,0.0,0.0,0.0,0.0,0.0,0.0,0.0,0.0,0.0,0.0,0.0,0.0,0.0,1663-1668
