TIMEINT_MINUTES,2,8,9,19,20,21,22,23,24,25,26,27,28,29,30,31,32,33,34,36,37,38,39,40,41,42,43,44,45,47,48,49,50,51,52,53,54,55,56,TIMEINT
2.5,0.0,0.0,0.0,0.0,0.0,0.0,0.0,0.0,0.0,0.0,0.0,0.0,0.0,0.0,0.0,0.0,0.0,0.0,0.0,0.0,0.0,0.0,0.0,0.0,0.0,0.0,0.0,0.0,0.0,0.0,0.0,0.0,0.0,0.0,0.0,0.0,0.0,0.0,0.0,0-5
7.5,0.0,0.0,0.0,0.0,0.0,0.0,0.0,0.0,0.0,0.0,0.0,0.0,0.0,0.0,0.0,0.0,0.0,0.0,0.0,0.0,0.0,0.0,0.0,0.0,0.0,0.0,0.0,0.0,0.0,0.0,0.0,0.0,0.0,0.0,0.0,0.0,0.0,0.0,0.0,5-10
12.5,391.6,0.0,0.0,0.0,0.0,0.0,0.0,0.0,0.0,0.0,0.0,0.0,0.0,0.0,0.0,0.0,0.0,8.8,0.0,0.0,8.8,0.0,0.0,0.0,0.0,0.0,0.0,0.0,0.0,0.0,0.0,0.0,0.0,0.0,0.0,0.0,0.0,103.6,17.9,10-15
17.5,1477.4,0.0,108.5,0.0,0.0,7.7,7.6,0.0,0.0,0.0,0.0,0.0,0.0,0.0,0.0,0.0,0.0,302.1,0.0,0.0,302.1,0.0,0.0,0.0,0.0,0.0,0.0,0.0,0.0,0.0,0.0,0.0,5.0,103.5,0.0,0.0,17.3,99.1,8.9,15-20
22.5,35.8,0.0,81.0,0.0,0.0,23.4,23.3,0.0,0.0,0.0,0.0,0.0,0.0,0.0,0.0,0.0,0.0,3.9,0.0,0.0,3.8,0.0,0.0,0.0,0.0,0.0,0.0,0.0,0.0,0.0,0.0,0.0,0.3,80.7,0.0,0.0,0.0,0.0,0.0,20-25
27.5,293.8,0.0,12.6,0.0,0.0,0.6,0.5,0.0,0.0,0.0,0.0,0.0,0.0,0.0,0.0,0.0,0.0,2.9,0.0,0.0,2.9,0.0,0.0,0.0,0.0,0.0,0.0,0.0,0.0,0.0,0.0,0.0,0.0,12.6,0.0,0.0,0.0,36.6,1.7,25-30
32.5,290.1,0.0,8.2,0.0,0.0,9.5,9.5,0.0,0.0,0.0,0.0,0.0,0.0,0.0,0.0,0.0,0.0,36.7,0.0,0.0,36.5,0.0,0.0,0.0,0.0,0.0,0.0,0.0,0.0,0.0,0.0,0.0,0.5,4.9,2.8,0.0,4.7,56.2,3.3,30-35
37.5,56.4,0.0,11.1,0.0,0.0,8.7,8.6,0.0,0.0,0.0,0.0,0.0,0.0,0.0,0.0,0.0,0.0,0.0,0.0,0.0,0.0,0.0,0.0,0.0,0.0,0.0,0.0,0.0,0.0,0.0,0.0,0.0,2.5,3.8,4.7,0.0,0.0,32.3,0.0,35-40
42.5,1341.4,0.0,43.5,0.0,0.0,7.5,7.5,0.0,0.0,0.0,0.0,0.0,0.0,0.0,0.0,0.0,0.0,123.4,0.0,0.0,123.3,0.0,0.0,0.0,0.0,0.0,0.0,0.0,0.0,0.0,0.0,0.0,4.2,39.3,0.0,0.0,2.1,236.9,11.2,40-45
47.5,172.4,0.0,431.6,0.0,0.0,83.6,78.8,0.0,0.0,0.0,0.0,0.0,0.0,4.7,0.0,0.0,0.0,19.7,0.0,0.0,19.7,0.0,0.0,0.0,0.0,0.0,0.0,0.0,0.0,0.0,0.0,0.0,2.6,36.0,393.0,0.0,0.5,125.9,8.1,45-50
52.5,239.4,0.0,711.9,0.0,0.0,13.4,11.7,0.0,0.0,0.0,0.0,0.0,0.0,1.5,0.0,0.0,0.0,5.1,0.0,0.0,5.1,0.0,0.0,0.0,0.0,0.0,0.0,0.0,0.0,0.0,0.0,0.0,4.4,33.0,674.2,0.0,0.0,67.8,0.0,50-55
57.5,361.5,0.0,906.9,0.0,0.0,3.1,3.0,0.0,0.0,0.0,0.0,0.0,0.0,0.0,0.0,0.0,0.0,7.4,0.0,0.0,7.4,0.0,0.0,0.0,0.0,0.0,0.0,0.0,0.0,0.0,0.0,0.0,1.2,8.7,897.0,0.0,0.0,74.1,5.0,55-60
62.5,719.2,0.4,951.8,0.0,0.0,9.7,6.4,0.0,0.0,0.0,0.0,0.0,0.0,3.3,0.0,0.0,0.0,2.5,0.0,0.0,2.5,0.0,0.0,0.0,0.0,0.0,0.0,0.0,0.0,0.0,0.0,0.0,7.6,8.9,935.3,0.0,0.0,97.0,18.6,60-65
67.5,226.2,0.0,956.7,0.0,0.0,107.2,100.2,0.0,0.0,0.0,0.0,0.0,0.0,0.0,0.0,0.0,0.0,26.2,0.0,0.0,26.1,0.0,0.0,0.0,0.0,0.0,0.0,0.0,0.0,0.0,0.0,0.0,3.8,39.6,913.3,0.0,0.0,49.5,2.7,65-70
72.5,860.6,0.0,951.0,0.0,0.0,47.9,46.2,0.0,0.0,0.0,0.0,0.0,0.0,1.7,0.0,0.0,0.0,25.9,0.0,0.0,25.6,0.0,0.0,0.0,0.0,0.0,0.0,0.0,0.0,0.0,0.0,0.0,3.8,9.3,937.8,0.0,14.1,63.1,4.6,70-75
77.5,604.6,0.0,1196.6,0.0,0.0,22.0,20.6,0.0,0.0,0.0,0.0,0.0,0.0,1.3,0.0,0.0,0.0,9.2,0.0,0.0,9.1,0.0,0.0,0.0,0.0,0.0,0.0,0.0,0.0,0.0,0.0,0.0,8.2,50.5,1137.8,0.0,0.0,151.2,8.3,75-80
82.5,162.7,0.0,521.4,0.0,0.0,5.6,5.6,0.0,0.0,0.0,0.0,0.0,0.0,0.0,0.0,0.0,0.0,3.7,0.0,0.0,3.7,0.0,0.0,0.0,0.0,0.0,0.0,0.0,0.0,0.0,0.0,0.0,0.0,56.8,464.5,0.0,7.1,16.6,0.0,80-85
87.5,920.9,0.4,14.1,0.0,0.0,4.9,4.9,0.0,0.0,0.0,0.0,0.0,0.0,0.0,0.0,0.0,0.0,14.6,0.0,0.0,14.5,0.0,0.0,0.0,0.0,0.0,0.0,0.0,0.0,0.0,0.0,0.0,0.0,7.0,7.0,0.0,4.4,71.4,12.1,85-90
92.5,80.3,0.0,93.3,0.0,0.0,100.2,100.0,0.0,0.0,0.0,0.0,0.0,0.0,0.0,0.0,0.0,0.0,10.5,0.0,0.0,10.2,0.0,0.0,0.0,0.0,0.0,0.0,0.0,0.0,0.0,0.0,0.0,3.9,89.2,0.0,0.0,0.2,0.0,0.0,90-95
97.5,267.6,0.0,0.0,0.0,0.0,4.1,2.6,0.0,0.0,0.0,0.0,0.0,0.0,1.4,0.0,0.0,0.0,7.1,0.0,0.0,7.1,0.0,0.0,0.0,0.0,0.0,0.0,0.0,0.0,0.0,0.0,0.0,0.0,0.0,0.0,0.0,0.0,23.4,0.0,95-100
102.5,11.5,0.0,16.1,0.0,0.0,2.4,2.4,0.0,0.0,0.0,0.0,0.0,0.0,0.0,0.0,0.0,0.0,0.0,0.0,0.0,0.0,0.0,0.0,0.0,0.0,0.0,0.0,0.0,0.0,0.0,0.0,0.0,7.8,8.3,0.0,0.0,0.0,0.6,0.0,100-105
107.5,40.9,0.0,0.0,0.0,0.0,10.4,10.3,0.0,0.0,0.0,0.0,0.0,0.0,0.0,0.0,0.0,0.0,0.0,0.0,0.0,0.0,0.0,0.0,0.0,0.0,0.0,0.0,0.0,0.0,0.0,0.0,0.0,0.0,0.0,0.0,0.0,0.0,0.0,0.0,105-110
112.5,733.1,0.0,2.6,0.0,0.0,4.5,4.5,0.0,0.0,0.0,0.0,0.0,0.0,0.0,0.0,0.0,0.0,0.0,0.0,0.0,0.0,0.0,0.0,0.0,0.0,0.0,0.0,0.0,0.0,0.0,0.0,0.0,0.0,2.6,0.0,0.0,0.0,115.1,11.7,110-115
117.5,56.8,0.3,57.9,0.0,0.0,14.0,14.0,0.0,0.0,0.0,0.0,0.0,0.0,0.0,0.0,0.0,0.0,0.3,0.0,0.0,0.3,0.0,0.0,0.0,0.0,0.0,0.0,0.0,0.0,0.0,0.0,0.0,0.0,57.9,0.0,0.0,0.0,13.0,0.2,115-120
122.5,1661.9,0.0,17.7,0.0,0.0,8.0,8.0,0.0,0.0,0.0,0.0,0.0,0.0,0.0,0.0,0.0,0.0,158.6,0.0,0.0,136.7,0.0,0.0,0.0,0.0,0.0,0.0,0.0,0.0,0.0,0.0,0.0,9.1,4.9,3.6,0.0,5.1,99.9,10.8,120-125
127.5,754.0,0.0,104.1,0.0,0.0,204.0,196.4,0.0,0.0,0.0,0.0,0.0,0.0,7.6,0.0,0.0,0.0,167.3,0.0,0.0,167.0,0.0,0.0,0.0,0.0,0.0,0.0,0.0,0.0,0.0,0.0,0.0,33.7,37.5,32.6,0.0,6.2,219.3,10.1,125-130
132.5,261.7,0.0,456.2,0.0,0.0,1656.7,1656.7,0.0,0.0,0.0,0.0,0.0,0.0,0.0,0.0,0.0,0.0,3.2,0.0,0.0,3.2,0.0,0.0,0.0,0.0,0.0,0.0,0.0,0.0,0.0,0.0,0.0,0.0,456.2,0.0,0.0,0.0,36.2,1.2,130-135
137.5,624.5,0.2,1571.7,0.0,0.0,1383.3,1383.3,0.0,0.0,0.0,0.0,0.0,0.0,0.0,0.0,0.0,0.0,7.2,0.0,0.0,7.2,0.0,0.0,0.0,0.0,0.0,0.0,0.0,0.0,0.0,0.0,0.0,6.8,1381.1,4.5,0.0,2.9,54.6,2.0,135-140
142.5,423.9,0.0,2559.9,0.0,0.0,2148.1,2148.0,0.0,0.0,0.0,0.0,0.0,0.0,0.0,0.0,0.0,0.0,3.5,0.0,0.0,3.5,0.0,0.0,0.0,0.0,0.0,0.0,0.0,0.0,0.0,0.0,0.0,6.2,1632.5,0.0,0.0,0.0,98.6,3.0,140-145
147.5,0.0,0.0,3288.8,0.0,0.0,2761.4,2759.1,0.0,0.0,0.0,0.0,0.0,0.0,2.3,0.0,0.0,0.0,0.0,0.0,0.0,0.0,0.0,0.0,0.0,0.0,0.0,0.0,0.0,0.0,0.0,0.0,0.0,219.7,2452.3,177.8,0.0,0.0,0.0,0.0,145-150
152.5,0.0,0.0,3057.2,0.0,0.0,2639.9,2639.9,0.0,0.0,0.0,0.0,0.0,0.0,0.0,0.0,0.0,0.0,0.0,0.0,0.0,0.0,0.0,0.0,0.0,0.0,0.0,0.0,0.0,0.0,0.0,0.0,0.0,195.1,2493.5,0.0,0.0,0.0,0.0,0.0,150-155
157.5,245.4,0.0,949.0,0.0,0.0,2394.0,2394.0,0.0,0.0,0.0,0.0,0.0,0.0,0.0,0.0,0.0,0.0,5.0,0.0,0.0,5.0,0.0,0.0,0.0,0.0,0.0,0.0,0.0,0.0,0.0,0.0,0.0,0.0,949.0,0.0,0.0,0.0,5.1,0.0,155-160
162.5,156.3,0.0,4.9,0.0,0.0,2569.3,2569.3,0.0,0.0,0.0,0.0,0.0,0.0,0.0,0.0,0.0,0.0,3.7,0.0,0.0,3.6,0.0,0.0,0.0,0.0,0.0,0.0,0.0,0.0,0.0,0.0,0.0,4.9,0.0,0.0,0.0,0.0,0.0,0.0,160-165
167.5,41.2,0.0,0.0,0.0,0.0,3453.4,3453.4,0.0,0.0,0.0,0.0,0.0,0.0,0.0,0.0,0.0,0.0,0.8,0.0,0.0,0.8,0.0,0.0,0.0,0.0,0.0,0.0,0.0,0.0,0.0,0.0,0.0,0.0,0.0,0.0,0.0,0.0,20.0,0.0,165-170
172.5,240.3,0.0,1.4,0.0,0.0,2891.5,2891.4,0.0,0.0,0.0,0.0,0.0,0.0,0.0,0.0,0.0,0.0,21.7,0.0,0.0,21.6,0.0,0.0,0.0,0.0,0.0,0.0,0.0,0.0,0.0,0.0,0.0,0.0,1.4,0.0,0.0,0.0,89.6,2.2,170-175
177.5,242.2,0.0,4.0,0.0,0.0,2569.8,2569.8,0.0,0.0,0.0,0.0,0.0,0.0,0.0,0.0,0.0,0.0,4.3,0.0,0.0,4.3,0.0,0.0,0.0,0.0,0.0,0.0,0.0,0.0,0.0,0.0,0.0,0.0,3.9,0.0,0.0,0.0,33.7,0.0,175-180
182.5,424.8,0.0,7.1,0.0,0.0,2430.4,2428.0,0.0,0.0,0.0,0.0,0.0,0.0,2.4,0.0,0.0,0.0,17.4,0.0,0.0,17.3,0.0,0.0,0.0,0.0,0.0,0.0,0.0,0.0,0.0,0.0,0.0,0.0,5.0,2.1,0.0,1.2,72.5,0.4,180-185
187.5,0.0,0.0,5.1,0.0,0.0,1926.1,1926.1,0.0,0.0,0.0,0.0,0.0,0.0,0.0,0.0,0.0,0.0,0.0,0.0,0.0,0.0,0.0,0.0,0.0,0.0,0.0,0.0,0.0,0.0,0.0,0.0,0.0,0.0,5.0,0.0,0.0,0.0,0.0,0.0,185-190
192.5,74.6,0.0,0.0,0.0,0.0,2305.6,2305.6,0.0,0.0,0.0,0.0,0.0,0.0,0.0,0.0,0.0,0.0,0.0,0.0,0.0,0.0,0.0,0.0,0.0,0.0,0.0,0.0,0.0,0.0,0.0,0.0,0.0,0.0,0.0,0.0,0.0,0.0,52.4,1.3,190-195
197.5,974.6,0.3,15.4,0.0,0.0,1571.8,1571.8,0.0,0.0,0.0,0.0,0.0,0.0,0.0,0.0,0.0,0.0,13.3,0.0,0.0,13.3,0.0,0.0,0.0,0.0,0.0,0.0,0.0,0.0,0.0,0.0,0.0,4.2,11.2,0.0,0.0,0.3,39.6,0.1,195-200
202.5,64.8,0.0,423.8,0.0,0.0,2207.8,2204.7,0.0,0.0,0.0,0.0,0.0,0.0,2.9,0.0,0.0,0.0,0.0,0.0,0.0,0.0,0.0,0.0,0.0,0.0,0.0,0.0,0.0,0.0,0.0,0.0,0.0,0.0,0.2,423.6,0.0,0.0,0.0,0.0,200-205
207.5,986.9,0.3,599.9,0.0,0.0,3311.2,3311.2,0.0,0.0,0.0,0.0,0.0,0.0,0.0,0.0,0.0,0.0,5.9,0.0,0.0,5.8,0.0,0.0,0.0,0.0,0.0,0.0,0.0,0.0,0.0,0.0,0.0,0.0,0.0,599.9,0.0,0.0,109.5,8.0,205-210
212.5,433.7,0.0,852.4,0.0,0.0,2917.6,2917.6,0.0,0.0,0.0,0.0,0.0,0.0,0.0,0.0,0.0,0.0,35.5,0.0,0.0,35.3,0.0,0.0,0.0,0.0,0.0,0.0,0.0,0.0,0.0,0.0,0.0,50.4,10.5,791.5,0.0,0.4,5.6,0.0,210-215
217.5,0.0,0.0,1182.1,0.0,0.0,3688.9,3688.9,0.0,0.0,0.0,0.0,0.0,0.0,0.0,0.0,0.0,0.0,0.0,0.0,0.0,0.0,0.0,0.0,0.0,0.0,0.0,0.0,0.0,0.0,0.0,0.0,0.0,300.0,4.5,877.6,0.0,0.0,0.0,0.0,215-220
222.5,0.0,0.0,1173.9,0.0,0.0,1614.6,1614.6,0.0,0.0,0.0,0.0,0.0,0.0,0.0,0.0,0.0,0.0,0.0,0.0,0.0,0.0,0.0,0.0,0.0,0.0,0.0,0.0,0.0,0.0,0.0,0.0,0.0,300.0,0.0,873.9,0.0,0.0,0.0,0.0,220-225
227.5,46.5,0.0,1178.7,0.0,0.0,530.4,530.3,0.0,0.0,0.0,0.0,0.0,0.0,0.0,0.0,0.0,0.0,0.0,0.0,0.0,0.0,0.0,0.0,0.0,0.0,0.0,0.0,0.0,0.0,0.0,0.0,0.0,300.0,0.0,878.7,0.0,0.0,5.8,1.0,225-230
232.5,317.8,0.0,1483.8,0.0,0.0,3.2,3.2,0.0,0.0,0.0,0.0,0.0,0.0,0.0,0.0,0.0,0.0,14.6,0.0,0.0,14.6,0.0,0.0,0.0,0.0,0.0,0.0,0.0,0.0,0.0,0.0,0.0,447.0,3.3,1033.7,0.0,0.0,10.8,0.0,230-235
237.5,194.5,0.0,2037.3,0.0,0.0,21.6,21.6,0.0,0.0,0.0,0.0,0.0,0.0,0.0,0.0,0.0,0.0,11.5,0.0,0.0,11.5,0.0,0.0,0.0,0.0,0.0,0.0,0.0,0.0,0.0,0.0,0.0,880.7,0.0,1156.7,0.0,0.0,5.2,0.0,235-240
242.5,26.3,0.0,2040.6,0.0,0.0,4.4,4.4,0.0,0.0,0.0,0.0,0.0,0.0,0.0,0.0,0.0,0.0,0.0,0.0,0.0,0.0,0.0,0.0,0.0,0.0,0.0,0.0,0.0,0.0,0.0,0.0,0.0,882.1,0.9,1157.7,0.0,0.0,0.0,0.0,240-245
247.5,0.0,0.0,2039.4,0.0,0.0,0.0,0.0,0.0,0.0,0.0,0.0,0.0,0.0,0.0,0.0,0.0,0.0,0.0,0.0,0.0,0.0,0.0,0.0,0.0,0.0,0.0,0.0,0.0,0.0,0.0,0.0,0.0,882.7,0.0,1156.9,0.0,0.0,0.0,0.0,245-250
252.5,0.0,0.0,2043.0,0.0,0.0,0.0,0.0,0.0,0.0,0.0,0.0,0.0,0.0,0.0,0.0,0.0,0.0,0.0,0.0,0.0,0.0,0.0,0.0,0.0,0.0,0.0,0.0,0.0,0.0,0.0,0.0,0.0,882.2,0.0,1160.8,0.0,0.0,0.0,0.0,250-255
257.5,0.0,0.0,2037.3,0.0,0.0,0.0,0.0,0.0,0.0,0.0,0.0,0.0,0.0,0.0,0.0,0.0,0.0,0.0,0.0,0.0,0.0,0.0,0.0,0.0,0.0,0.0,0.0,0.0,0.0,0.0,0.0,0.0,882.4,0.0,1155.1,0.0,0.0,0.0,0.0,255-260
262.5,0.0,0.0,2037.4,0.0,0.0,0.0,0.0,0.0,0.0,0.0,0.0,0.0,0.0,0.0,0.0,0.0,0.0,0.0,0.0,0.0,0.0,0.0,0.0,0.0,0.0,0.0,0.0,0.0,0.0,0.0,0.0,0.0,881.3,0.0,1156.2,0.0,0.0,0.0,0.0,260-265
267.5,219.2,0.0,2038.0,0.0,0.0,0.8,0.0,0.0,0.0,0.0,0.0,0.0,0.0,0.8,0.0,0.0,0.0,7.5,0.0,0.0,7.5,0.0,0.0,0.0,0.0,0.0,0.0,0.0,0.0,0.0,0.0,0.0,879.5,0.0,1158.7,0.0,0.0,14.5,0.0,265-270
272.5,510.2,0.0,2054.5,0.0,0.0,1.3,1.3,0.0,0.0,0.0,0.0,0.0,0.0,0.0,0.0,0.0,0.0,17.0,0.0,0.0,16.9,0.0,0.0,0.0,0.0,0.0,0.0,0.0,0.0,0.0,0.0,0.0,883.0,12.5,1159.3,0.0,2.0,102.1,5.7,270-275
277.5,4.9,0.0,2277.4,0.0,0.0,6.5,2.4,0.0,0.0,0.0,0.0,0.0,0.0,4.1,0.0,0.0,0.0,0.0,0.0,0.0,0.0,0.0,0.0,0.0,0.0,0.0,0.0,0.0,0.0,0.0,0.0,0.0,1052.6,66.8,1157.8,0.0,0.0,0.0,0.0,275-280
282.5,16.4,0.0,1223.3,0.0,0.0,0.0,0.0,0.0,0.0,0.0,0.0,0.0,0.0,0.0,0.0,0.0,0.0,3.5,0.0,0.0,3.5,0.0,0.0,0.0,0.0,0.0,0.0,0.0,0.0,0.0,0.0,0.0,64.0,0.0,1159.2,0.0,0.0,5.1,0.0,280-285
287.5,199.0,0.0,1164.1,0.0,0.0,0.0,0.0,0.0,0.0,0.0,0.0,0.0,0.0,0.0,0.0,0.0,0.0,6.4,0.0,0.0,6.4,0.0,0.0,0.0,0.0,0.0,0.0,0.0,0.0,0.0,0.0,0.0,0.0,3.4,1161.0,0.0,0.0,35.9,0.0,285-290
292.5,0.0,0.0,1155.2,0.0,0.0,13.4,10.8,0.0,0.0,0.0,0.0,0.0,0.0,2.5,0.0,0.0,0.0,0.0,0.0,0.0,0.0,0.0,0.0,0.0,0.0,0.0,0.0,0.0,0.0,0.0,0.0,0.0,0.0,0.3,1155.0,0.0,0.0,0.0,0.0,290-295
297.5,0.0,0.0,1158.3,0.0,0.0,0.0,0.0,0.0,0.0,0.0,0.0,0.0,0.0,0.0,0.0,0.0,0.0,0.0,0.0,0.0,0.0,0.0,0.0,0.0,0.0,0.0,0.0,0.0,0.0,0.0,0.0,0.0,0.0,0.0,1158.9,0.0,0.0,0.0,0.0,295-300
302.5,0.0,0.0,1157.2,0.0,0.0,0.0,0.0,0.0,0.0,0.0,0.0,0.0,0.0,0.0,0.0,0.0,0.0,0.0,0.0,0.0,0.0,0.0,0.0,0.0,0.0,0.0,0.0,0.0,0.0,0.0,0.0,0.0,0.0,0.0,1157.5,0.0,0.0,0.0,0.0,300-305
307.5,183.1,0.0,1162.6,0.0,0.0,0.0,0.0,0.0,0.0,0.0,0.0,0.0,0.0,0.0,0.0,0.0,0.0,5.9,0.0,0.0,5.9,0.0,0.0,0.0,0.0,0.0,0.0,0.0,0.0,0.0,0.0,0.0,1.9,0.0,1160.8,0.0,0.0,32.2,0.0,305-310
312.5,94.2,0.0,1158.6,0.0,0.0,0.0,0.0,0.0,0.0,0.0,0.0,0.0,0.0,0.0,0.0,0.0,0.0,3.5,0.0,0.0,3.5,0.0,0.0,0.0,0.0,0.0,0.0,0.0,0.0,0.0,0.0,0.0,0.0,1.4,1157.6,0.0,0.0,13.2,0.3,310-315
317.5,0.0,0.0,1075.6,0.0,0.0,3.1,3.1,0.0,0.0,0.0,0.0,0.0,0.0,0.0,0.0,0.0,0.0,0.0,0.0,0.0,0.0,0.0,0.0,0.0,0.0,0.0,0.0,0.0,0.0,0.0,0.0,0.0,0.0,4.7,1070.7,0.0,0.0,0.0,0.0,315-320
322.5,251.9,0.0,582.6,0.0,0.0,0.0,0.0,0.0,0.0,0.0,0.0,0.0,0.0,0.0,0.0,0.0,0.0,0.8,0.0,0.0,0.8,0.0,0.0,0.0,0.0,0.0,0.0,0.0,0.0,0.0,0.0,0.0,0.0,0.0,582.6,0.0,0.0,5.9,0.0,320-325
327.5,235.6,0.0,578.9,0.0,0.0,4.0,4.0,0.0,0.0,0.0,0.0,0.0,0.0,0.0,0.0,0.0,0.0,4.9,0.0,0.0,4.9,0.0,0.0,0.0,0.0,0.0,0.0,0.0,0.0,0.0,0.0,0.0,0.0,2.3,576.5,0.0,0.0,9.8,3.0,325-330
332.5,0.0,0.0,583.1,0.0,0.0,8.1,8.0,0.0,0.0,0.0,0.0,0.0,0.0,0.0,0.0,0.0,0.0,0.0,0.0,0.0,0.0,0.0,0.0,0.0,0.0,0.0,0.0,0.0,0.0,0.0,0.0,0.0,0.0,1.6,581.4,0.0,0.0,0.0,0.0,330-335
337.5,0.0,0.0,577.5,0.0,0.0,0.0,0.0,0.0,0.0,0.0,0.0,0.0,0.0,0.0,0.0,0.0,0.0,0.0,0.0,0.0,0.0,0.0,0.0,0.0,0.0,0.0,0.0,0.0,0.0,0.0,0.0,0.0,0.0,0.0,577.5,0.0,0.0,0.0,0.0,335-340
342.5,0.0,0.0,582.5,0.0,0.0,0.0,0.0,0.0,0.0,0.0,0.0,0.0,0.0,0.0,0.0,0.0,0.0,0.0,0.0,0.0,0.0,0.0,0.0,0.0,0.0,0.0,0.0,0.0,0.0,0.0,0.0,0.0,0.0,0.0,582.5,0.0,0.0,0.0,0.0,340-345
347.5,0.0,0.0,581.3,0.0,0.0,0.0,0.0,0.0,0.0,0.0,0.0,0.0,0.0,0.0,0.0,0.0,0.0,0.0,0.0,0.0,0.0,0.0,0.0,0.0,0.0,0.0,0.0,0.0,0.0,0.0,0.0,0.0,0.0,0.0,581.3,0.0,0.0,0.0,0.0,345-350
352.5,0.0,0.0,581.0,0.0,0.0,0.0,0.0,0.0,0.0,0.0,0.0,0.0,0.0,0.0,0.0,0.0,0.0,0.0,0.0,0.0,0.0,0.0,0.0,0.0,0.0,0.0,0.0,0.0,0.0,0.0,0.0,0.0,0.0,0.0,581.0,0.0,0.0,0.0,0.0,350-355
357.5,0.0,0.0,582.5,0.0,0.0,0.0,0.0,0.0,0.0,0.0,0.0,0.0,0.0,0.0,0.0,0.0,0.0,0.0,0.0,0.0,0.0,0.0,0.0,0.0,0.0,0.0,0.0,0.0,0.0,0.0,0.0,0.0,0.0,0.0,582.5,0.0,0.0,0.0,0.0,355-360
362.5,0.0,0.0,580.2,0.0,0.0,0.0,0.0,0.0,0.0,0.0,0.0,0.0,0.0,0.0,0.0,0.0,0.0,0.0,0.0,0.0,0.0,0.0,0.0,0.0,0.0,0.0,0.0,0.0,0.0,0.0,0.0,0.0,0.0,0.0,580.2,0.0,0.0,0.0,0.0,360-365
367.5,0.0,0.0,579.9,0.0,0.0,0.0,0.0,0.0,0.0,0.0,0.0,0.0,0.0,0.0,0.0,0.0,0.0,0.0,0.0,0.0,0.0,0.0,0.0,0.0,0.0,0.0,0.0,0.0,0.0,0.0,0.0,0.0,0.0,0.0,579.9,0.0,0.0,0.0,0.0,365-370
372.5,0.0,0.0,582.2,0.0,0.0,0.0,0.0,0.0,0.0,0.0,0.0,0.0,0.0,0.0,0.0,0.0,0.0,0.0,0.0,0.0,0.0,0.0,0.0,0.0,0.0,0.0,0.0,0.0,0.0,0.0,0.0,0.0,0.0,0.0,582.2,0.0,0.0,0.0,0.0,370-375
377.5,0.0,0.0,582.4,0.0,0.0,0.0,0.0,0.0,0.0,0.0,0.0,0.0,0.0,0.0,0.0,0.0,0.0,0.0,0.0,0.0,0.0,0.0,0.0,0.0,0.0,0.0,0.0,0.0,0.0,0.0,0.0,0.0,0.0,0.0,582.4,0.0,0.0,0.0,0.0,375-380
382.5,0.0,0.0,581.5,0.0,0.0,0.0,0.0,0.0,0.0,0.0,0.0,0.0,0.0,0.0,0.0,0.0,0.0,0.0,0.0,0.0,0.0,0.0,0.0,0.0,0.0,0.0,0.0,0.0,0.0,0.0,0.0,0.0,0.0,0.0,581.5,0.0,0.0,0.0,0.0,380-385
387.5,226.6,0.0,576.7,0.0,0.0,0.0,0.0,0.0,0.0,0.0,0.0,0.0,0.0,0.0,0.0,0.0,0.0,5.3,0.0,0.0,5.3,0.0,0.0,0.0,0.0,0.0,0.0,0.0,0.0,0.0,0.0,0.0,0.0,0.0,576.7,0.0,0.0,13.3,3.1,385-390
392.5,186.3,0.0,632.0,0.0,0.0,12.5,12.5,0.0,0.0,0.0,0.0,0.0,0.0,0.0,0.0,0.0,0.0,2.2,0.0,0.0,2.2,0.0,0.0,0.0,0.0,0.0,0.0,0.0,0.0,0.0,0.0,0.0,38.6,7.2,586.1,0.0,0.0,60.9,1.9,390-395
397.5,185.1,0.0,1578.1,0.0,0.0,19.3,19.3,0.0,0.0,0.0,0.0,0.0,0.0,0.0,0.0,0.0,0.0,0.0,0.0,0.0,0.0,0.0,0.0,0.0,0.0,0.0,0.0,0.0,0.0,0.0,0.0,0.0,527.1,0.0,1051.0,0.0,3.5,22.2,0.0,395-400
402.5,0.0,0.0,1752.6,0.0,0.0,5.1,5.1,0.0,0.0,0.0,0.0,0.0,0.0,0.0,0.0,0.0,0.0,0.0,0.0,0.0,0.0,0.0,0.0,0.0,0.0,0.0,0.0,0.0,0.0,0.0,0.0,0.0,591.5,5.2,1155.8,0.0,0.0,0.0,0.0,400-405
407.5,0.0,0.0,1755.1,0.0,0.0,0.0,0.0,0.0,0.0,0.0,0.0,0.0,0.0,0.0,0.0,0.0,0.0,0.0,0.0,0.0,0.0,0.0,0.0,0.0,0.0,0.0,0.0,0.0,0.0,0.0,0.0,0.0,593.4,0.0,1161.7,0.0,0.0,0.0,0.0,405-410
412.5,0.0,0.0,1750.3,0.0,0.0,0.0,0.0,0.0,0.0,0.0,0.0,0.0,0.0,0.0,0.0,0.0,0.0,0.0,0.0,0.0,0.0,0.0,0.0,0.0,0.0,0.0,0.0,0.0,0.0,0.0,0.0,0.0,593.5,0.0,1156.8,0.0,0.0,0.0,0.0,410-415
417.5,4.3,0.0,1752.6,0.0,0.0,0.0,0.0,0.0,0.0,0.0,0.0,0.0,0.0,0.0,0.0,0.0,0.0,0.0,0.0,0.0,0.0,0.0,0.0,0.0,0.0,0.0,0.0,0.0,0.0,0.0,0.0,0.0,592.8,0.0,1159.8,0.0,0.0,0.0,0.0,415-420
422.5,420.7,0.0,1750.8,0.0,0.0,0.0,0.0,0.0,0.0,0.0,0.0,0.0,0.0,0.0,0.0,0.0,0.0,2.1,0.0,0.0,2.1,0.0,0.0,0.0,0.0,0.0,0.0,0.0,0.0,0.0,0.0,0.0,593.4,0.0,1157.4,0.0,0.0,66.3,0.0,420-425
427.5,51.9,0.0,2022.5,0.0,0.0,11.5,11.5,0.0,0.0,0.0,0.0,0.0,0.0,0.0,0.0,0.0,0.0,6.6,0.0,0.0,6.6,0.0,0.0,0.0,0.0,0.0,0.0,0.0,0.0,0.0,0.0,0.0,856.7,6.9,1158.9,0.0,0.0,8.9,0.0,425-430
432.5,0.0,0.0,2332.0,0.0,0.0,0.0,0.0,0.0,0.0,0.0,0.0,0.0,0.0,0.0,0.0,0.0,0.0,0.0,0.0,0.0,0.0,0.0,0.0,0.0,0.0,0.0,0.0,0.0,0.0,0.0,0.0,0.0,1169.3,1.3,1161.4,0.0,0.0,0.0,0.0,430-435
437.5,35.1,0.0,2326.9,0.0,0.0,0.0,0.0,0.0,0.0,0.0,0.0,0.0,0.0,0.0,0.0,0.0,0.0,0.0,0.0,0.0,0.0,0.0,0.0,0.0,0.0,0.0,0.0,0.0,0.0,0.0,0.0,0.0,1169.2,0.0,1157.7,0.0,0.0,0.0,0.0,435-440
442.5,281.6,0.0,2334.8,0.0,0.0,0.0,0.0,0.0,0.0,0.0,0.0,0.0,0.0,0.0,0.0,0.0,0.0,38.7,0.0,0.0,38.7,0.0,0.0,0.0,0.0,0.0,0.0,0.0,0.0,0.0,0.0,0.0,1171.4,1.4,1162.0,0.0,0.0,35.0,0.0,440-445
447.5,871.7,0.0,2608.5,0.0,0.0,11.1,7.7,0.0,0.0,0.0,0.0,0.0,0.0,3.2,0.0,0.0,0.0,81.7,0.0,0.0,81.7,0.0,0.0,0.0,0.0,0.0,0.0,0.0,0.0,0.0,0.0,0.0,1167.7,11.4,1429.4,0.0,0.9,60.4,1.9,445-450
452.5,632.8,0.0,3544.0,0.0,0.0,328.6,314.4,0.0,0.0,0.0,0.0,0.0,0.0,14.2,0.0,0.0,0.0,23.6,0.0,0.0,23.6,0.0,0.0,0.0,0.0,0.0,0.0,0.0,0.0,0.0,0.0,0.0,2077.8,10.5,1455.6,0.0,0.0,5.2,0.0,450-455
457.5,30.0,0.0,1898.9,0.0,0.0,41.3,36.8,0.0,0.0,0.0,0.0,0.0,0.0,4.5,0.0,0.0,0.0,0.0,0.0,0.0,0.0,0.0,0.0,0.0,0.0,0.0,0.0,0.0,0.0,0.0,0.0,0.0,438.0,0.8,1460.0,0.0,0.0,0.0,0.0,455-460
462.5,0.0,0.0,1460.9,0.0,0.0,0.5,0.4,0.0,0.0,0.0,0.0,0.0,0.0,0.0,0.0,0.0,0.0,0.0,0.0,0.0,0.0,0.0,0.0,0.0,0.0,0.0,0.0,0.0,0.0,0.0,0.0,0.0,0.0,0.0,1460.9,0.0,0.0,0.0,0.0,460-465
467.5,0.0,0.0,1462.5,0.0,0.0,0.0,0.0,0.0,0.0,0.0,0.0,0.0,0.0,0.0,0.0,0.0,0.0,0.0,0.0,0.0,0.0,0.0,0.0,0.0,0.0,0.0,0.0,0.0,0.0,0.0,0.0,0.0,0.0,0.0,1462.5,0.0,0.0,0.0,0.0,465-470
472.5,96.7,0.0,1458.9,0.0,0.0,0.0,0.0,0.0,0.0,0.0,0.0,0.0,0.0,0.0,0.0,0.0,0.0,0.0,0.0,0.0,0.0,0.0,0.0,0.0,0.0,0.0,0.0,0.0,0.0,0.0,0.0,0.0,0.0,0.0,1458.9,0.0,0.0,5.4,0.0,470-475
477.5,171.9,0.0,1467.1,0.0,0.0,2.3,2.3,0.0,0.0,0.0,0.0,0.0,0.0,0.0,0.0,0.0,0.0,9.0,0.0,0.0,9.0,0.0,0.0,0.0,0.0,0.0,0.0,0.0,0.0,0.0,0.0,0.0,5.1,0.0,1462.0,0.0,0.0,14.7,1.8,475-480
482.5,0.0,0.0,1469.5,0.0,0.0,19.3,19.2,0.0,0.0,0.0,0.0,0.0,0.0,0.0,0.0,0.0,0.0,0.0,0.0,0.0,0.0,0.0,0.0,0.0,0.0,0.0,0.0,0.0,0.0,0.0,0.0,0.0,2.5,3.6,1463.3,0.0,0.0,0.0,0.0,480-485
487.5,0.0,0.0,1464.9,0.0,0.0,0.0,0.0,0.0,0.0,0.0,0.0,0.0,0.0,0.0,0.0,0.0,0.0,0.0,0.0,0.0,0.0,0.0,0.0,0.0,0.0,0.0,0.0,0.0,0.0,0.0,0.0,0.0,0.0,0.0,1464.9,0.0,0.0,0.0,0.0,485-490
492.5,0.0,0.0,1461.8,0.0,0.0,0.0,0.0,0.0,0.0,0.0,0.0,0.0,0.0,0.0,0.0,0.0,0.0,0.0,0.0,0.0,0.0,0.0,0.0,0.0,0.0,0.0,0.0,0.0,0.0,0.0,0.0,0.0,0.0,0.0,1461.8,0.0,0.0,0.0,0.0,490-495
497.5,368.7,0.0,1470.6,0.0,0.0,4.1,0.0,0.0,0.0,0.0,0.0,0.0,0.0,4.1,0.0,0.0,0.0,7.1,0.0,0.0,7.1,0.0,0.0,0.0,0.0,0.0,0.0,0.0,0.0,0.0,0.0,0.0,0.0,9.2,1461.4,0.0,0.7,49.4,0.0,495-500
502.5,273.2,0.1,1783.1,0.0,0.0,6.6,6.6,0.0,0.0,0.0,0.0,0.0,0.0,0.0,0.0,0.0,0.0,5.4,0.0,0.0,5.4,0.0,0.0,0.0,0.0,0.0,0.0,0.0,0.0,0.0,0.0,0.0,280.8,39.8,1462.4,0.0,0.0,134.2,5.7,500-505
507.5,943.0,0.0,1738.1,0.0,0.0,9.0,8.9,0.0,0.0,0.0,0.0,0.0,0.0,0.0,0.0,0.0,0.0,9.0,0.0,0.0,9.0,0.0,0.0,0.0,0.0,0.0,0.0,0.0,0.0,0.0,0.0,0.0,250.1,22.3,1465.7,0.0,0.0,79.0,2.2,505-510
512.5,395.1,0.0,1678.9,0.0,0.0,42.4,41.1,0.0,0.0,0.0,0.0,0.0,0.0,1.3,0.0,0.0,0.0,31.0,0.0,0.0,31.0,0.0,0.0,0.0,0.0,0.0,0.0,0.0,0.0,0.0,0.0,0.0,5.0,11.9,1464.2,0.0,0.0,71.9,3.0,510-515
517.5,213.4,0.0,1782.7,0.0,0.0,14.9,14.9,0.0,0.0,0.0,0.0,0.0,0.0,0.0,0.0,0.0,0.0,5.1,0.0,0.0,5.0,0.0,0.0,0.0,0.0,0.0,0.0,0.0,0.0,0.0,0.0,0.0,4.7,20.3,1462.8,0.0,0.0,174.0,4.0,515-520
522.5,3.7,0.0,1772.9,0.0,0.0,0.0,0.0,0.0,0.0,0.0,0.0,0.0,0.0,0.0,0.0,0.0,0.0,0.0,0.0,0.0,0.0,0.0,0.0,0.0,0.0,0.0,0.0,0.0,0.0,0.0,0.0,0.0,3.6,9.3,1463.8,0.0,0.8,0.0,0.0,520-525
527.5,375.6,0.0,1755.1,0.0,0.0,3.4,3.4,0.0,0.0,0.0,0.0,0.0,0.0,0.0,0.0,0.0,0.0,19.7,0.0,0.0,19.7,0.0,0.0,0.0,0.0,0.0,0.0,0.0,0.0,0.0,0.0,0.0,0.0,1.5,1459.2,0.0,0.0,51.7,1.6,525-530
532.5,364.2,0.0,1780.5,0.0,0.0,15.4,15.4,0.0,0.0,0.0,0.0,0.0,0.0,0.0,0.0,0.0,0.0,23.5,0.0,0.0,23.4,0.0,0.0,0.0,0.0,0.0,0.0,0.0,0.0,0.0,0.0,0.0,0.0,19.8,1464.2,0.0,0.0,20.6,0.0,530-535
537.5,196.4,0.0,1769.4,0.0,0.0,4.8,4.8,0.0,0.0,0.0,0.0,0.0,0.0,0.0,0.0,0.0,0.0,3.8,0.0,0.0,3.8,0.0,0.0,0.0,0.0,0.0,0.0,0.0,0.0,0.0,0.0,0.0,2.6,8.3,1462.4,0.0,0.0,14.4,0.0,535-540
542.5,233.5,0.0,1765.2,0.0,0.0,1.7,1.7,0.0,0.0,0.0,0.0,0.0,0.0,0.0,0.0,0.0,0.0,0.0,0.0,0.0,0.0,0.0,0.0,0.0,0.0,0.0,0.0,0.0,0.0,0.0,0.0,0.0,0.0,3.7,1464.7,0.0,0.8,64.2,1.6,540-545
547.5,322.4,0.0,2030.2,0.0,0.0,2.2,2.2,0.0,0.0,0.0,0.0,0.0,0.0,0.0,0.0,0.0,0.0,22.2,0.0,0.0,22.1,0.0,0.0,0.0,0.0,0.0,0.0,0.0,0.0,0.0,0.0,0.0,7.5,0.0,1726.9,0.0,0.0,57.4,0.0,545-550
552.5,1016.2,0.0,2151.2,0.0,0.0,6.2,6.1,0.0,0.0,0.0,0.0,0.0,0.0,0.0,0.0,0.0,0.0,6.2,0.0,0.0,6.1,0.0,0.0,0.0,0.0,0.0,0.0,0.0,0.0,0.0,0.0,0.0,85.4,3.1,1766.3,0.0,0.0,65.2,3.6,550-555
557.5,1002.1,0.0,2386.8,0.0,0.0,49.6,49.6,0.0,0.0,0.0,0.0,0.0,0.0,0.0,0.0,0.0,0.0,54.4,0.0,0.0,54.3,0.0,0.0,0.0,0.0,0.0,0.0,0.0,0.0,0.0,0.0,0.0,414.7,123.1,1757.2,0.0,12.5,95.4,0.0,555-560
562.5,161.4,0.0,1874.8,0.0,0.0,6.4,6.3,0.0,0.0,0.0,0.0,0.0,0.0,0.0,0.0,0.0,0.0,26.6,0.0,0.0,26.6,0.0,0.0,0.0,0.0,0.0,0.0,0.0,0.0,0.0,0.0,0.0,7.2,22.9,1844.6,0.0,0.0,36.8,0.0,560-565
567.5,142.3,0.1,2101.9,0.0,0.0,10.5,10.3,0.0,0.0,0.0,0.0,0.0,0.0,0.0,0.0,0.0,0.0,5.6,0.0,0.0,5.6,0.0,0.0,0.0,0.0,0.0,0.0,0.0,0.0,0.0,0.0,0.0,4.2,3.7,2093.9,0.0,0.0,42.9,3.8,565-570
572.5,562.2,0.0,2096.4,0.0,0.0,1.9,1.9,0.0,0.0,0.0,0.0,0.0,0.0,0.0,0.0,0.0,0.0,5.5,0.0,0.0,5.5,0.0,0.0,0.0,0.0,0.0,0.0,0.0,0.0,0.0,0.0,0.0,0.0,1.2,2095.1,0.0,1.2,89.3,8.3,570-575
577.5,679.4,0.0,2428.0,0.0,0.0,27.8,27.8,0.0,0.0,0.0,0.0,0.0,0.0,0.0,0.0,0.0,0.0,35.6,0.0,0.0,35.6,0.0,0.0,0.0,0.0,0.0,0.0,0.0,0.0,0.0,0.0,0.0,3.9,139.6,2246.1,0.0,24.0,127.2,9.2,575-580
582.5,504.2,0.0,2954.8,0.0,0.0,13.2,13.2,0.0,0.0,0.0,0.0,0.0,0.0,0.0,0.0,0.0,0.0,11.7,0.0,0.0,11.6,0.0,0.0,0.0,0.0,0.0,0.0,0.0,0.0,0.0,0.0,0.0,1.6,29.6,2625.9,0.0,0.0,51.1,0.0,580-585
587.5,323.0,0.0,3007.2,0.0,0.0,17.2,17.2,0.0,0.0,0.0,0.0,0.0,0.0,0.0,0.0,0.0,0.0,22.3,0.0,0.0,22.3,0.0,0.0,0.0,0.0,0.0,0.0,0.0,0.0,0.0,0.0,0.0,5.9,6.0,2697.3,0.0,0.0,28.0,0.0,585-590
592.5,421.5,0.0,3017.3,0.0,0.0,10.8,10.7,0.0,0.0,0.0,0.0,0.0,0.0,0.0,0.0,0.0,0.0,13.2,0.0,0.0,13.1,0.0,0.0,0.0,0.0,0.0,0.0,0.0,0.0,0.0,0.0,0.0,0.0,23.1,2696.3,0.0,0.0,90.7,7.0,590-595
597.5,178.0,0.0,2997.8,0.0,0.0,2.3,1.0,0.0,0.0,0.0,0.0,0.0,0.0,1.3,0.0,0.0,0.0,4.3,0.0,0.0,4.3,0.0,0.0,0.0,0.0,0.0,0.0,0.0,0.0,0.0,0.0,0.0,0.6,3.7,2696.1,0.0,0.0,28.7,0.0,595-600
602.5,0.0,0.0,2992.5,0.0,0.0,19.1,19.1,0.0,0.0,0.0,0.0,0.0,0.0,0.0,0.0,0.0,0.0,0.0,0.0,0.0,0.0,0.0,0.0,0.0,0.0,0.0,0.0,0.0,0.0,0.0,0.0,0.0,0.3,0.5,2693.8,0.0,0.0,0.0,0.0,600-605
607.5,152.5,0.0,2994.2,0.0,0.0,0.3,0.3,0.0,0.0,0.0,0.0,0.0,0.0,0.0,0.0,0.0,0.0,5.0,0.0,0.0,5.0,0.0,0.0,0.0,0.0,0.0,0.0,0.0,0.0,0.0,0.0,0.0,0.0,0.0,2696.0,0.0,0.0,26.0,0.0,605-610
612.5,82.8,0.0,2997.6,0.0,0.0,7.8,3.6,0.0,0.0,0.0,0.0,0.0,0.0,4.2,0.0,0.0,0.0,4.1,0.0,0.0,4.0,0.0,0.0,0.0,0.0,0.0,0.0,0.0,0.0,0.0,0.0,0.0,1.3,2.8,2695.7,0.0,0.0,0.0,0.0,610-615
617.5,46.8,0.0,2993.6,0.0,0.0,2.5,2.5,0.0,0.0,0.0,0.0,0.0,0.0,0.0,0.0,0.0,0.0,0.0,0.0,0.0,0.0,0.0,0.0,0.0,0.0,0.0,0.0,0.0,0.0,0.0,0.0,0.0,0.0,0.0,2695.6,0.0,0.0,0.0,0.0,615-620
622.5,253.1,0.0,2992.2,0.0,0.0,0.0,0.0,0.0,0.0,0.0,0.0,0.0,0.0,0.0,0.0,0.0,0.0,7.1,0.0,0.0,7.1,0.0,0.0,0.0,0.0,0.0,0.0,0.0,0.0,0.0,0.0,0.0,0.0,0.0,2694.7,0.0,0.0,79.5,0.0,620-625
627.5,761.3,0.0,3119.5,0.0,0.0,12.0,11.9,0.0,0.0,0.0,0.0,0.0,0.0,0.0,0.0,0.0,0.0,7.6,0.0,0.0,7.6,0.0,0.0,0.0,0.0,0.0,0.0,0.0,0.0,0.0,0.0,0.0,0.0,7.7,2813.4,0.0,0.1,91.8,5.5,625-630
632.5,364.8,0.0,3327.2,0.0,0.0,21.1,21.1,0.0,0.0,0.0,0.0,0.0,0.0,0.0,0.0,0.0,0.0,17.7,0.0,0.0,17.7,0.0,0.0,0.0,0.0,0.0,0.0,0.0,0.0,0.0,0.0,0.0,0.0,35.0,2993.9,0.0,0.0,187.3,4.1,630-635
637.5,6.9,0.0,3299.3,0.0,0.0,5.1,4.9,0.0,0.0,0.0,0.0,0.0,0.0,0.0,0.0,0.0,0.0,0.0,0.0,0.0,0.0,0.0,0.0,0.0,0.0,0.0,0.0,0.0,0.0,0.0,0.0,0.0,0.0,6.3,2994.3,0.0,0.0,0.0,0.0,635-640
642.5,17.7,0.0,3294.0,0.0,0.0,1.1,1.0,0.0,0.0,0.0,0.0,0.0,0.0,0.0,0.0,0.0,0.0,0.0,0.0,0.0,0.0,0.0,0.0,0.0,0.0,0.0,0.0,0.0,0.0,0.0,0.0,0.0,0.0,0.0,2995.0,0.0,0.0,0.0,0.0,640-645
647.5,97.2,0.0,3292.1,0.0,0.0,0.0,0.0,0.0,0.0,0.0,0.0,0.0,0.0,0.0,0.0,0.0,0.0,0.0,0.0,0.0,0.0,0.0,0.0,0.0,0.0,0.0,0.0,0.0,0.0,0.0,0.0,0.0,0.0,0.0,2993.7,0.0,0.0,11.5,0.0,645-650
652.5,834.7,0.0,3110.8,0.0,0.0,1.0,0.0,0.0,0.0,0.0,0.0,0.0,0.0,1.0,0.0,0.0,0.0,31.1,0.0,0.0,31.1,0.0,0.0,0.0,0.0,0.0,0.0,0.0,0.0,0.0,0.0,0.0,0.0,2.1,2366.1,0.0,4.6,113.7,2.9,650-655
657.5,1198.5,0.0,3292.4,0.0,0.0,44.5,41.0,0.0,0.0,0.0,0.0,0.0,0.0,3.5,0.0,0.0,0.0,15.2,0.0,0.0,15.1,0.0,0.0,0.0,0.0,0.0,0.0,0.0,0.0,0.0,0.0,0.0,4.3,14.8,2077.2,0.0,21.5,116.4,2.6,655-660
662.5,39.5,0.6,3546.4,0.0,0.0,47.6,44.1,0.0,0.0,0.0,0.0,0.0,0.0,3.3,0.0,0.0,0.0,5.7,0.0,0.0,5.6,0.0,0.0,0.0,0.0,0.0,0.0,0.0,0.0,0.0,0.0,0.0,9.7,29.4,2311.3,0.0,2.4,12.8,0.0,660-665
667.5,439.0,0.0,3371.1,0.0,0.0,8.2,8.1,0.0,0.0,0.0,0.0,0.0,0.0,0.0,0.0,0.0,0.0,22.5,0.0,0.0,22.3,0.0,0.0,0.0,0.0,0.0,0.0,0.0,0.0,0.0,0.0,0.0,5.5,5.1,1955.3,0.0,0.6,130.2,2.1,665-670
672.5,326.3,0.0,3592.0,0.0,0.0,7.1,5.1,0.0,0.0,0.0,0.0,0.0,0.0,2.0,0.0,0.0,0.0,0.0,0.0,0.0,0.0,0.0,0.0,0.0,0.0,0.0,0.0,0.0,0.0,0.0,0.0,0.0,0.0,7.3,2088.6,0.0,0.0,107.7,2.7,670-675
677.5,217.1,0.0,3603.4,0.0,0.0,21.5,21.3,0.0,0.0,0.0,0.0,0.0,0.0,0.0,0.0,0.0,0.0,5.5,0.0,0.0,5.5,0.0,0.0,0.0,0.0,0.0,0.0,0.0,0.0,0.0,0.0,0.0,7.5,9.0,2089.9,0.0,0.0,50.7,6.0,675-680
682.5,1182.4,0.0,3610.6,0.0,0.0,24.1,21.0,0.0,0.0,0.0,0.0,0.0,0.0,2.8,0.0,0.0,0.0,13.5,0.0,0.0,13.5,0.0,0.0,0.0,0.0,0.0,0.0,0.0,0.0,0.0,0.0,0.0,19.7,4.4,2089.3,0.0,0.2,90.2,4.9,680-685
687.5,1263.2,0.0,3627.7,0.0,0.0,136.6,135.7,0.0,0.0,0.0,0.0,0.0,0.0,0.9,0.0,0.0,0.0,89.6,0.0,0.0,89.5,0.0,0.0,0.0,0.0,0.0,0.0,0.0,0.0,0.0,0.0,0.0,9.4,33.0,2088.4,0.0,5.4,171.4,12.7,685-690
692.5,446.0,0.0,3852.0,0.0,0.0,32.7,32.6,0.0,0.0,0.0,0.0,0.0,0.0,0.0,0.0,0.0,0.0,5.2,0.0,0.0,5.0,0.0,0.0,0.0,0.0,0.0,0.0,0.0,0.0,0.0,0.0,0.0,23.5,37.4,2294.7,0.0,10.0,73.9,0.4,690-695
697.5,1095.5,0.0,4107.0,0.0,0.0,7.4,7.3,0.0,0.0,0.0,0.0,0.0,0.0,0.0,0.0,0.0,0.0,15.3,0.0,0.0,15.2,0.0,0.0,0.0,0.0,0.0,0.0,0.0,0.0,0.0,0.0,0.0,79.1,5.6,2526.6,0.0,6.4,206.4,10.4,695-700
702.5,360.4,0.0,4491.1,0.0,0.0,70.3,70.2,0.0,0.0,0.0,0.0,0.0,0.0,0.0,0.0,0.0,0.0,9.2,0.0,0.0,9.1,0.0,0.0,0.0,0.0,0.0,0.0,0.0,0.0,0.0,0.0,0.0,5.0,24.8,2964.8,0.0,0.0,26.7,0.0,700-705
707.5,1259.0,0.0,4241.0,0.0,0.0,9.9,9.9,0.0,0.0,0.0,0.0,0.0,0.0,0.0,0.0,0.0,0.0,57.5,0.0,0.0,57.4,0.0,0.0,0.0,0.0,0.0,0.0,0.0,0.0,0.0,0.0,0.0,4.3,14.9,2955.9,0.0,4.3,85.5,11.7,705-710
712.5,393.8,0.0,4241.4,0.0,0.0,59.9,59.7,0.0,0.0,0.0,0.0,0.0,0.0,0.0,0.0,0.0,0.0,6.7,0.0,0.0,6.6,0.0,0.0,0.0,0.0,0.0,0.0,0.0,0.0,0.0,0.0,0.0,3.1,72.5,2967.1,0.0,0.9,22.2,0.0,710-715
717.5,238.4,0.0,4171.1,0.0,0.0,38.4,36.4,0.0,0.0,0.0,0.0,0.0,0.0,1.9,0.0,0.0,0.0,8.1,0.0,0.0,7.9,0.0,0.0,0.0,0.0,0.0,0.0,0.0,0.0,0.0,0.0,0.0,2.5,4.4,2964.8,0.0,0.0,18.6,0.0,715-720
722.5,681.0,0.0,3872.8,0.0,0.0,2.0,2.0,0.0,0.0,0.0,0.0,0.0,0.0,0.0,0.0,0.0,0.0,8.1,0.0,0.0,8.0,0.0,0.0,0.0,0.0,0.0,0.0,0.0,0.0,0.0,0.0,0.0,2.4,22.9,2948.6,0.0,0.0,231.0,12.3,720-725
727.5,86.9,0.0,4376.3,0.0,0.0,68.2,68.2,0.0,0.0,0.0,0.0,0.0,0.0,0.0,0.0,0.0,0.0,4.9,0.0,0.0,4.9,0.0,0.0,0.0,0.0,0.0,0.0,0.0,0.0,0.0,0.0,0.0,6.5,11.1,3460.9,0.0,8.9,36.3,0.2,725-730
732.5,332.2,0.0,4469.3,0.0,0.0,0.0,0.0,0.0,0.0,0.0,0.0,0.0,0.0,0.0,0.0,0.0,0.0,31.5,0.0,0.0,31.5,0.0,0.0,0.0,0.0,0.0,0.0,0.0,0.0,0.0,0.0,0.0,0.1,2.4,3570.5,0.0,0.0,15.3,0.0,730-735
737.5,708.9,0.0,4465.1,0.0,0.0,13.4,13.4,0.0,0.0,0.0,0.0,0.0,0.0,0.0,0.0,0.0,0.0,27.8,0.0,0.0,27.6,0.0,0.0,0.0,0.0,0.0,0.0,0.0,0.0,0.0,0.0,0.0,1.5,2.6,3564.4,0.0,2.8,65.7,15.5,735-740
742.5,775.1,0.0,4514.7,0.0,0.0,73.6,73.6,0.0,0.0,0.0,0.0,0.0,0.0,0.0,0.0,0.0,0.0,87.9,0.0,0.0,87.9,0.0,0.0,0.0,0.0,0.0,0.0,0.0,0.0,0.0,0.0,0.0,25.7,27.0,3564.9,0.0,0.4,118.5,5.2,740-745
747.5,356.4,0.0,4545.5,0.0,0.0,129.0,125.7,0.0,0.0,0.0,0.0,0.0,0.0,3.2,0.0,0.0,0.0,6.9,0.0,0.0,6.9,0.0,0.0,0.0,0.0,0.0,0.0,0.0,0.0,0.0,0.0,0.0,4.6,11.2,3565.8,0.0,3.4,102.8,3.0,745-750
752.5,173.0,0.0,5324.5,0.0,0.0,28.5,28.5,0.0,0.0,0.0,0.0,0.0,0.0,0.0,0.0,0.0,0.0,2.4,0.0,0.0,2.3,0.0,0.0,0.0,0.0,0.0,0.0,0.0,0.0,0.0,0.0,0.0,366.2,16.1,3320.6,0.0,0.0,38.9,0.4,750-755
757.5,6.6,0.0,5364.2,0.0,0.0,7.3,7.3,0.0,0.0,0.0,0.0,0.0,0.0,0.0,0.0,0.0,0.0,0.0,0.0,0.0,0.0,0.0,0.0,0.0,0.0,0.0,0.0,0.0,0.0,0.0,0.0,0.0,599.5,0.0,2669.8,0.0,0.0,0.0,0.0,755-760
762.5,355.7,0.0,5359.7,0.0,0.0,0.0,0.0,0.0,0.0,0.0,0.0,0.0,0.0,0.0,0.0,0.0,0.0,7.6,0.0,0.0,7.5,0.0,0.0,0.0,0.0,0.0,0.0,0.0,0.0,0.0,0.0,0.0,599.1,0.0,2667.0,0.0,0.0,56.2,0.0,760-765
767.5,273.8,0.0,5827.8,0.0,0.0,8.1,8.1,0.0,0.0,0.0,0.0,0.0,0.0,0.0,0.0,0.0,0.0,19.9,0.0,0.0,19.8,0.0,0.0,0.0,0.0,0.0,0.0,0.0,0.0,0.0,0.0,0.0,984.7,10.8,2670.3,0.0,3.9,217.6,3.5,765-770
772.5,248.3,0.0,6267.3,0.0,0.0,12.8,11.0,0.0,0.0,0.0,0.0,0.0,0.0,1.8,0.0,0.0,0.0,0.0,0.0,0.0,0.0,0.0,0.0,0.0,0.0,0.0,0.0,0.0,0.0,0.0,0.0,0.0,1194.2,1.2,2667.5,0.0,0.0,171.8,3.3,770-775
777.5,122.9,0.0,6563.0,0.0,0.0,17.5,17.5,0.0,0.0,0.0,0.0,0.0,0.0,0.0,0.0,0.0,0.0,0.0,0.0,0.0,0.0,0.0,0.0,0.0,0.0,0.0,0.0,0.0,0.0,0.0,0.0,0.0,1190.6,6.6,2669.7,0.0,0.0,0.0,0.0,775-780
782.5,190.2,0.0,6556.6,0.0,0.0,0.4,0.4,0.0,0.0,0.0,0.0,0.0,0.0,0.0,0.0,0.0,0.0,0.0,0.0,0.0,0.0,0.0,0.0,0.0,0.0,0.0,0.0,0.0,0.0,0.0,0.0,0.0,1193.6,0.0,2670.3,0.0,0.0,71.1,3.5,780-785
787.5,1090.6,0.0,6832.5,0.0,0.0,0.0,0.0,0.0,0.0,0.0,0.0,0.0,0.0,0.0,0.0,0.0,0.0,28.6,0.0,0.0,28.6,0.0,0.0,0.0,0.0,0.0,0.0,0.0,0.0,0.0,0.0,0.0,1424.2,3.8,2668.5,0.0,7.7,141.2,11.3,785-790
792.5,947.1,0.3,7602.7,0.0,0.0,57.1,51.3,0.0,0.0,0.0,0.0,0.0,0.0,5.8,0.0,0.0,0.0,88.6,0.0,0.0,88.6,0.0,0.0,0.0,0.0,0.0,0.0,0.0,0.0,0.0,0.0,0.0,1845.0,58.4,2713.8,0.0,0.8,185.9,17.7,790-795
797.5,775.3,0.0,8074.7,0.0,0.0,153.7,150.3,0.0,0.0,0.0,0.0,0.0,0.0,3.1,0.0,0.0,0.0,49.1,0.0,0.0,48.8,0.0,0.0,0.0,0.0,0.0,0.0,0.0,0.0,0.0,0.0,0.0,2235.0,54.4,2789.8,0.0,2.1,76.3,7.4,795-800
802.5,16.9,0.0,8648.4,0.0,0.0,56.6,56.3,0.0,0.0,0.0,0.0,0.0,0.0,0.0,0.0,0.0,0.0,0.0,0.0,0.0,0.0,0.0,0.0,0.0,0.0,0.0,0.0,0.0,0.0,0.0,0.0,0.0,2390.8,58.7,2778.2,0.0,0.0,0.0,0.0,800-805
807.5,841.4,0.0,8630.8,0.0,0.0,0.0,0.0,0.0,0.0,0.0,0.0,0.0,0.0,0.0,0.0,0.0,0.0,38.7,0.0,0.0,38.7,0.0,0.0,0.0,0.0,0.0,0.0,0.0,0.0,0.0,0.0,0.0,2390.4,0.0,2780.3,0.0,0.0,35.9,2.7,805-810
812.5,92.5,0.0,8952.7,0.0,0.0,14.6,14.5,0.0,0.0,0.0,0.0,0.0,0.0,0.0,0.0,0.0,0.0,2.6,0.0,0.0,2.5,0.0,0.0,0.0,0.0,0.0,0.0,0.0,0.0,0.0,0.0,0.0,2677.5,25.9,2731.4,0.0,2.0,52.9,16.6,810-815
817.5,265.7,0.3,8994.4,0.0,0.0,1.7,1.7,0.0,0.0,0.0,0.0,0.0,0.0,0.0,0.0,0.0,0.0,6.7,0.0,0.0,6.7,0.0,0.0,0.0,0.0,0.0,0.0,0.0,0.0,0.0,0.0,0.0,2689.1,7.8,2662.7,0.0,0.0,49.3,0.0,815-820
822.5,14.1,0.0,8758.9,0.0,0.0,12.1,4.7,0.0,0.0,0.0,0.0,0.0,0.0,7.4,0.0,0.0,0.0,0.0,0.0,0.0,0.0,0.0,0.0,0.0,0.0,0.0,0.0,0.0,0.0,0.0,0.0,0.0,2687.4,9.4,2891.1,0.0,0.0,0.0,0.0,820-825
827.5,218.3,0.0,8422.9,0.0,0.0,4.7,4.7,0.0,0.0,0.0,0.0,0.0,0.0,0.0,0.0,0.0,0.0,1.8,0.0,0.0,1.8,0.0,0.0,0.0,0.0,0.0,0.0,0.0,0.0,0.0,0.0,0.0,2689.9,0.0,3255.8,0.0,0.0,34.7,4.8,825-830
832.5,216.8,0.0,8357.6,0.0,0.0,4.8,4.8,0.0,0.0,0.0,0.0,0.0,0.0,0.0,0.0,0.0,0.0,0.2,0.0,0.0,0.2,0.0,0.0,0.0,0.0,0.0,0.0,0.0,0.0,0.0,0.0,0.0,2688.6,28.6,3108.4,0.0,3.5,9.2,0.6,830-835
837.5,97.0,0.0,8444.3,0.0,0.0,10.3,10.2,0.0,0.0,0.0,0.0,0.0,0.0,0.0,0.0,0.0,0.0,8.0,0.0,0.0,8.0,0.0,0.0,0.0,0.0,0.0,0.0,0.0,0.0,0.0,0.0,0.0,2691.0,12.8,3086.7,0.0,0.0,0.0,0.0,835-840
842.5,333.7,0.0,8119.3,0.0,0.0,22.9,22.9,0.0,0.0,0.0,0.0,0.0,0.0,0.0,0.0,0.0,0.0,9.4,0.0,0.0,9.4,0.0,0.0,0.0,0.0,0.0,0.0,0.0,0.0,0.0,0.0,0.0,2687.9,0.0,3067.0,0.0,0.0,24.4,3.0,840-845
847.5,418.1,0.0,8438.7,0.0,0.0,8.8,7.6,0.0,0.0,0.0,0.0,0.0,0.0,1.1,0.0,0.0,0.0,22.4,0.0,0.0,22.4,0.0,0.0,0.0,0.0,0.0,0.0,0.0,0.0,0.0,0.0,0.0,2689.0,0.0,2587.8,0.0,0.0,33.5,0.6,845-850
852.5,126.3,0.0,8723.4,0.0,0.0,24.3,24.3,0.0,0.0,0.0,0.0,0.0,0.0,0.0,0.0,0.0,0.0,5.0,0.0,0.0,5.0,0.0,0.0,0.0,0.0,0.0,0.0,0.0,0.0,0.0,0.0,0.0,2689.3,9.4,2372.2,0.0,0.0,109.1,1.2,850-855
857.5,0.0,0.0,8923.1,0.0,0.0,262.4,262.4,0.0,0.0,0.0,0.0,0.0,0.0,0.0,0.0,0.0,0.0,0.0,0.0,0.0,0.0,0.0,0.0,0.0,0.0,0.0,0.0,0.0,0.0,0.0,0.0,0.0,2690.1,8.3,2386.9,0.0,0.0,0.0,0.0,855-860
862.5,326.8,0.0,8922.3,0.0,0.0,598.9,598.9,0.0,0.0,0.0,0.0,0.0,0.0,0.0,0.0,0.0,0.0,21.2,0.0,0.0,21.2,0.0,0.0,0.0,0.0,0.0,0.0,0.0,0.0,0.0,0.0,0.0,2688.4,0.0,2388.0,0.0,0.0,53.0,3.9,860-865
867.5,527.2,0.0,8925.5,0.0,0.0,1353.4,1094.9,0.0,0.0,0.0,0.0,0.0,0.0,258.5,0.0,0.0,0.0,57.0,0.0,0.0,56.9,0.0,0.0,0.0,0.0,0.0,0.0,0.0,0.0,0.0,0.0,0.0,2688.3,11.6,2386.3,0.0,0.0,37.6,0.0,865-870
872.5,200.7,0.0,9044.3,0.0,0.0,2879.5,2579.5,0.0,0.0,0.0,0.0,0.0,0.0,300.0,0.0,0.0,0.0,4.1,0.0,0.0,4.1,0.0,0.0,0.0,0.0,0.0,0.0,0.0,0.0,0.0,0.0,0.0,2688.4,21.2,2387.9,0.0,1.3,27.3,0.0,870-875
877.5,0.0,0.0,9523.6,0.0,0.0,3359.7,3059.7,0.0,0.0,0.0,0.0,0.0,0.0,300.0,0.0,0.0,0.0,0.0,0.0,0.0,0.0,0.0,0.0,0.0,0.0,0.0,0.0,0.0,0.0,0.0,0.0,0.0,2989.6,0.0,2388.3,0.0,0.0,0.0,0.0,875-880
882.5,579.3,0.0,9529.0,0.0,0.0,3584.7,3284.7,0.0,0.0,0.0,0.0,0.0,0.0,300.0,0.0,0.0,0.0,16.0,0.0,0.0,15.9,0.0,0.0,0.0,0.0,0.0,0.0,0.0,0.0,0.0,0.0,0.0,2985.5,0.0,2387.8,0.0,0.0,76.6,16.2,880-885
887.5,745.2,0.0,10397.0,0.0,0.0,3718.9,3418.9,0.0,0.0,0.0,0.0,0.0,0.0,300.0,0.0,0.0,0.0,103.5,0.0,0.0,103.5,0.0,0.0,0.0,0.0,0.0,0.0,0.0,0.0,0.0,0.0,0.0,2990.1,182.8,2386.8,0.0,15.9,118.3,5.2,885-890
892.5,313.1,0.0,13631.4,0.0,0.0,4892.6,4592.6,0.0,0.0,0.0,0.0,0.0,0.0,300.0,0.0,0.0,0.0,5.0,0.0,0.0,5.0,0.0,0.0,0.0,0.0,0.0,0.0,0.0,0.0,0.0,0.0,0.0,2988.9,2075.3,2385.3,0.0,0.0,32.0,0.0,890-895
897.5,84.6,0.0,14833.3,0.0,0.0,6184.3,5884.3,0.0,0.0,0.0,0.0,0.0,0.0,300.0,0.0,0.0,0.0,4.3,0.0,0.0,4.3,0.0,0.0,0.0,0.0,0.0,0.0,0.0,0.0,0.0,0.0,0.0,2989.2,2377.5,2386.7,0.0,0.0,74.2,0.0,895-900
902.5,25.8,0.0,14981.0,0.0,0.0,7156.8,6815.0,0.0,0.0,0.0,0.0,0.0,0.0,300.0,0.0,0.0,0.0,2.0,0.0,0.0,2.0,0.0,0.0,0.0,0.0,0.0,0.0,0.0,0.0,0.0,0.0,0.0,2989.3,2379.8,2387.1,0.0,0.0,0.0,0.0,900-905
907.5,336.0,0.0,15149.2,0.0,0.0,7435.0,6835.5,0.0,0.0,0.0,0.0,0.0,0.0,300.0,0.0,0.0,0.0,2.3,0.0,0.0,2.3,0.0,0.0,0.0,0.0,0.0,0.0,0.0,0.0,0.0,0.0,0.0,2988.7,2380.6,2388.8,0.0,0.0,22.3,0.0,905-910
912.5,268.6,0.0,15791.9,0.0,0.0,7816.8,7037.9,0.0,0.0,0.0,0.0,0.0,0.0,300.0,0.0,0.0,0.0,2.4,0.0,0.0,2.3,0.0,0.0,0.0,0.0,0.0,0.0,0.0,0.0,0.0,0.0,0.0,2987.7,2549.2,2387.4,0.0,0.0,37.7,0.8,910-915
917.5,499.8,0.0,16817.4,0.0,0.0,8825.8,7741.4,0.0,0.0,0.0,0.0,0.0,0.0,485.3,0.0,0.0,0.0,7.5,0.0,0.0,7.5,0.0,0.0,0.0,0.0,0.0,0.0,0.0,0.0,0.0,0.0,0.0,2990.4,3117.4,2388.7,0.0,0.0,71.4,0.5,915-920
922.5,243.4,0.0,18568.1,0.0,0.0,10723.3,9548.4,0.0,0.0,0.0,0.0,0.0,0.0,575.3,0.0,0.0,0.0,1.6,0.0,0.0,1.6,0.0,0.0,0.0,0.0,0.0,0.0,0.0,0.0,0.0,0.0,0.0,2989.4,3716.9,2388.2,0.0,1.0,35.0,0.0,920-925
927.5,2.9,0.0,19875.7,0.0,0.0,11662.4,10488.0,0.0,0.0,0.0,0.0,0.0,0.0,574.9,0.0,0.0,0.0,0.0,0.0,0.0,0.0,0.0,0.0,0.0,0.0,0.0,0.0,0.0,0.0,0.0,0.0,0.0,2990.3,3852.5,2388.3,0.0,0.0,0.0,0.0,925-930
932.5,0.0,0.0,20124.2,0.0,0.0,11779.4,10605.6,0.0,0.0,0.0,0.0,0.0,0.0,574.6,0.0,0.0,0.0,0.0,0.0,0.0,0.0,0.0,0.0,0.0,0.0,0.0,0.0,0.0,0.0,0.0,0.0,0.0,2989.4,3857.9,2387.2,0.0,0.0,0.0,0.0,930-935
937.5,334.5,0.0,20100.8,0.0,0.0,11868.9,10692.4,0.0,0.0,0.0,0.0,0.0,0.0,577.2,0.0,0.0,0.0,2.7,0.0,0.0,2.7,0.0,0.0,0.0,0.0,0.0,0.0,0.0,0.0,0.0,0.0,0.0,2988.3,3856.4,2385.3,0.0,0.0,26.0,3.4,935-940
942.5,316.3,0.0,20967.0,0.0,0.0,12943.5,11771.5,0.0,0.0,0.0,0.0,0.0,0.0,572.4,0.0,0.0,0.0,66.6,0.0,0.0,66.6,0.0,0.0,0.0,0.0,0.0,0.0,0.0,0.0,0.0,0.0,0.0,2990.2,3856.7,2386.6,0.0,1.0,102.1,12.2,940-945
947.5,627.9,0.0,23297.1,0.0,0.0,13920.7,12479.4,0.0,0.0,0.0,0.0,0.0,0.0,841.5,0.0,0.0,0.0,9.9,0.0,0.0,9.8,0.0,0.0,0.0,0.0,0.0,0.0,0.0,0.0,0.0,0.0,0.0,3075.3,3992.2,2387.9,0.0,3.0,101.5,12.0,945-950
952.5,230.4,0.0,26947.1,0.0,0.0,15125.2,13652.3,0.0,0.0,0.0,0.0,0.0,0.0,873.3,0.0,0.0,0.0,4.0,0.0,0.0,4.0,0.0,0.0,0.0,0.0,0.0,0.0,0.0,0.0,0.0,0.0,0.0,3984.9,5551.5,2388.6,0.0,2.0,29.9,0.0,950-955
957.5,639.1,0.0,28347.5,0.0,0.0,16044.1,14256.2,0.0,0.0,0.0,0.0,0.0,0.0,1089.4,0.0,0.0,0.0,16.4,0.0,0.0,16.3,0.0,0.0,0.0,0.0,0.0,0.0,0.0,0.0,0.0,0.0,0.0,4456.7,6379.3,2389.4,0.0,0.0,113.4,5.2,955-960
962.5,495.2,0.0,30344.9,0.0,0.0,17984.6,14798.2,0.0,0.0,0.0,0.0,0.0,0.0,1157.3,0.0,0.0,0.0,25.2,0.0,0.0,25.1,0.0,0.0,0.0,0.0,0.0,0.0,0.0,0.0,0.0,0.0,0.0,4679.0,6530.1,2388.8,0.0,3.9,49.4,6.3,960-965
967.5,0.0,0.0,32381.2,0.0,0.0,19843.6,15900.3,0.0,0.0,0.0,0.0,0.0,0.0,1379.9,0.0,0.0,0.0,0.0,0.0,0.0,0.0,0.0,0.0,0.0,0.0,0.0,0.0,0.0,0.0,0.0,0.0,0.0,4757.7,6534.7,2389.0,0.0,0.0,0.0,0.0,965-970
972.5,281.7,0.0,32590.4,0.0,0.0,20030.1,15900.4,0.0,0.0,0.0,0.0,0.0,0.0,1454.3,0.0,0.0,0.0,38.6,0.0,0.0,38.6,0.0,0.0,0.0,0.0,0.0,0.0,0.0,0.0,0.0,0.0,0.0,4762.9,6533.3,2389.3,0.0,0.0,37.4,0.0,970-975
977.5,671.9,0.0,33159.7,0.0,0.0,20263.5,15909.0,0.0,0.0,0.0,0.0,0.0,0.0,1458.4,0.0,0.0,0.0,15.2,0.0,0.0,15.2,0.0,0.0,0.0,0.0,0.0,0.0,0.0,0.0,0.0,0.0,0.0,4760.9,6529.2,2388.1,0.0,4.5,130.5,3.5,975-980
982.5,516.6,0.0,35147.6,0.0,0.0,20333.0,15925.5,0.0,0.0,0.0,0.0,0.0,0.0,1449.2,0.0,0.0,0.0,1.9,0.0,0.0,1.9,0.0,0.0,0.0,0.0,0.0,0.0,0.0,0.0,0.0,0.0,0.0,4773.0,6866.9,2388.5,0.0,2.6,180.3,5.5,980-985
987.5,540.6,0.0,37081.8,0.0,0.0,21389.8,16445.3,0.0,0.0,0.0,0.0,0.0,0.0,1457.5,0.0,0.0,0.0,34.7,0.0,0.0,34.7,0.0,0.0,0.0,0.0,0.0,0.0,0.0,0.0,0.0,0.0,0.0,5569.8,7891.7,2388.0,0.0,0.0,41.5,1.6,985-990
992.5,881.6,0.0,38104.2,0.0,0.0,24146.9,17537.7,0.0,0.0,0.0,0.0,0.0,0.0,1780.6,0.0,0.0,0.0,20.9,0.0,0.0,20.9,0.0,0.0,0.0,0.0,0.0,0.0,0.0,0.0,0.0,0.0,0.0,5876.4,8607.6,2389.7,0.0,0.0,26.4,4.3,990-995
997.5,115.9,0.0,39448.5,0.0,0.0,26321.1,19084.5,0.0,0.0,0.0,0.0,0.0,0.0,2229.5,0.0,0.0,0.0,4.1,0.0,0.0,4.1,0.0,0.0,0.0,0.0,0.0,0.0,0.0,0.0,0.0,0.0,0.0,6166.0,9208.0,2389.3,0.0,0.0,16.2,0.0,995-1000
1002.5,526.9,0.0,40128.6,0.0,0.0,27875.6,20510.6,0.0,0.0,0.0,0.0,0.0,0.0,2354.3,0.0,0.0,0.0,6.5,0.0,0.0,6.4,0.0,0.0,0.0,0.0,0.0,0.0,0.0,0.0,0.0,0.0,0.0,6542.0,9214.9,2389.7,0.0,0.0,34.0,0.0,1000-1005
1007.5,669.1,0.0,40536.3,0.0,0.0,28679.9,21258.3,0.0,0.0,0.0,0.0,0.0,0.0,2363.0,0.0,0.0,0.0,7.1,0.0,0.0,7.1,0.0,0.0,0.0,0.0,0.0,0.0,0.0,0.0,0.0,0.0,0.0,6545.8,9208.2,2389.0,0.0,0.0,45.5,0.0,1005-1010
1012.5,240.8,0.0,40970.9,0.0,0.0,29763.1,21817.9,0.0,0.0,0.0,0.0,0.0,0.0,2360.4,0.0,0.0,0.0,26.2,0.0,0.0,26.1,0.0,0.0,0.0,0.0,0.0,0.0,0.0,0.0,0.0,0.0,0.0,6543.1,9214.4,2388.9,0.0,0.0,27.3,0.0,1010-1015
1017.5,684.8,0.0,41365.1,0.0,0.0,30178.9,21816.2,0.0,0.0,0.0,0.0,0.0,0.0,2359.0,0.0,0.0,0.0,8.1,0.0,0.0,8.1,0.0,0.0,0.0,0.0,0.0,0.0,0.0,0.0,0.0,0.0,0.0,6549.5,9218.8,2388.5,0.0,1.5,119.8,10.6,1015-1020
1022.5,198.6,0.0,42567.4,0.0,0.0,31166.9,21822.5,0.0,0.0,0.0,0.0,0.0,0.0,2629.5,0.0,0.0,0.0,11.0,0.0,0.0,10.8,0.0,0.0,0.0,0.0,0.0,0.0,0.0,0.0,0.0,0.0,0.0,7072.2,9211.6,2387.4,0.0,2.0,56.1,0.0,1020-1025
1027.5,764.6,0.0,42907.3,0.0,0.0,31645.8,21821.9,0.0,0.0,0.0,0.0,0.0,0.0,2636.3,0.0,0.0,0.0,45.3,0.0,0.0,45.2,0.0,0.0,0.0,0.0,0.0,0.0,0.0,730.7,0.0,0.0,0.0,7163.3,9214.2,2387.6,0.0,0.6,105.4,20.6,1025-1030
1032.5,503.2,0.0,43432.2,0.0,0.0,32661.6,21824.9,0.0,0.0,0.0,0.0,0.0,0.0,2847.0,0.0,0.0,0.0,17.9,0.0,0.0,17.8,0.0,0.0,0.0,0.0,0.0,0.0,0.0,2394.8,0.0,0.0,0.0,7421.9,9215.1,2389.4,0.0,0.0,86.5,10.8,1030-1035
1037.5,528.8,0.0,44072.5,0.0,0.0,33510.0,21813.8,0.0,0.0,0.0,0.0,0.0,0.0,3072.0,0.0,0.0,0.0,12.3,0.0,0.0,12.2,0.0,0.0,0.0,0.0,0.0,0.0,0.0,3476.8,0.0,0.0,0.0,7426.8,9210.1,2388.5,0.0,0.0,67.5,6.1,1035-1040
1042.5,157.3,0.0,44279.2,0.0,0.0,34060.3,21823.6,0.0,0.0,0.0,0.0,0.0,0.0,3216.3,0.0,0.0,0.0,0.0,0.0,0.0,0.0,0.0,0.0,0.0,0.0,0.0,0.0,0.0,4420.6,0.0,0.0,0.0,7427.4,9212.3,2387.6,0.0,0.0,24.9,0.2,1040-1045
1047.5,223.7,0.0,44357.2,0.0,0.0,34361.1,21815.0,0.0,0.0,0.0,0.0,0.0,0.0,3421.9,0.0,0.0,0.0,4.5,0.0,0.0,4.5,0.0,0.0,0.0,0.0,0.0,0.0,0.0,4796.1,0.0,0.0,0.0,7429.6,9211.7,2389.5,0.0,0.0,11.0,0.0,1045-1050
1052.5,10.1,0.0,44374.7,0.0,0.0,34460.5,21815.4,0.0,0.0,0.0,0.0,0.0,0.0,3520.6,0.0,0.0,0.0,5.1,0.0,0.0,5.0,0.0,0.0,0.0,0.0,0.0,0.0,0.0,5318.1,0.0,0.0,0.0,7428.6,9219.9,2387.8,0.0,0.0,5.4,0.0,1050-1055
1057.5,203.4,0.0,44375.9,0.0,0.0,34487.6,21837.3,0.0,0.0,0.0,0.0,0.0,0.0,3518.0,0.0,0.0,0.0,4.7,0.0,0.0,4.7,0.0,0.0,0.0,0.0,0.0,0.0,0.0,5316.9,0.0,0.0,0.0,7430.0,9209.8,2389.2,0.0,0.0,48.3,2.2,1055-1060
1062.5,690.1,0.0,44396.6,0.0,0.0,34463.4,21813.3,0.0,0.0,0.0,0.0,0.0,0.0,3519.6,0.0,0.0,0.0,79.0,0.0,0.0,79.0,0.0,0.0,0.0,0.0,0.0,0.0,0.0,6253.1,0.0,0.0,0.0,7430.8,9212.3,2389.9,0.0,7.6,145.4,8.3,1060-1065
1067.5,294.4,0.0,44660.5,0.0,0.0,34944.8,21825.6,0.0,0.0,0.0,0.0,0.0,0.0,3989.4,0.0,0.0,0.0,13.0,0.0,0.0,12.9,0.0,0.0,0.0,0.0,0.0,0.0,0.0,8251.4,0.0,0.0,0.0,7431.5,9217.6,2389.0,0.0,0.0,81.7,7.8,1065-1070
1072.5,62.7,0.0,44719.8,0.0,0.0,35384.1,21835.8,0.0,0.0,0.0,0.0,0.0,0.0,4417.9,0.0,0.0,0.0,13.0,0.0,0.0,13.0,0.0,0.0,0.0,0.0,0.0,0.0,0.0,9874.5,0.0,0.0,0.0,7426.9,9212.9,2387.2,0.0,0.0,50.8,2.7,1070-1075
1077.5,0.0,0.0,45235.6,0.0,0.0,35380.1,21836.6,0.0,0.0,0.0,0.0,0.0,0.0,4419.2,0.0,0.0,0.0,0.0,0.0,0.0,0.0,0.0,0.0,0.0,0.0,0.0,0.0,0.0,10623.9,0.0,0.0,0.0,7425.5,9214.3,2389.0,0.0,0.0,0.0,0.0,1075-1080
1082.5,87.4,0.0,45260.1,0.0,0.0,35365.7,21820.7,0.0,0.0,0.0,0.0,0.0,0.0,4418.7,0.0,0.0,0.0,0.0,0.0,0.0,0.0,0.0,0.0,0.0,0.0,0.0,0.0,0.0,10719.6,0.0,0.0,0.0,7426.5,9213.9,2389.4,0.0,0.0,29.2,1.4,1080-1085
1087.5,497.4,0.0,45266.2,0.0,0.0,35359.1,21819.3,0.0,0.0,0.0,0.0,0.0,0.0,4414.0,0.0,0.0,0.0,326.1,0.0,0.0,326.1,0.0,0.0,0.0,0.0,0.0,0.0,0.0,11397.6,0.0,0.0,0.0,7428.0,9211.4,2390.0,0.0,0.0,44.1,3.6,1085-1090
1092.5,518.6,0.0,45372.0,0.0,0.0,35409.2,21828.2,0.0,0.0,0.0,0.0,0.0,0.0,4453.2,0.0,0.0,0.0,3460.8,0.0,0.0,3400.0,0.0,0.0,0.0,0.0,0.0,0.0,0.0,12359.3,0.0,0.0,0.0,7432.2,9210.5,2388.1,0.0,4.3,51.3,8.7,1090-1095
1097.5,263.7,0.0,45566.8,0.0,0.0,35641.2,21823.5,0.0,0.0,0.0,0.0,0.0,0.0,4696.8,0.0,0.0,0.0,5459.6,0.0,0.0,5025.1,0.0,0.0,0.0,0.0,0.0,0.0,0.0,12941.2,0.0,0.0,0.0,7427.9,9217.4,2388.2,0.0,0.0,64.0,0.0,1095-1100
1102.5,582.1,0.0,45560.6,0.0,0.0,35695.6,21815.6,0.0,0.0,0.0,0.0,0.0,0.0,4757.9,0.0,0.0,0.0,7490.1,0.0,0.0,6890.5,0.0,0.0,0.0,0.0,0.0,0.0,0.0,13561.5,0.0,0.0,0.0,7427.4,9210.2,2389.4,0.0,1.7,34.5,1.7,1100-1105
1107.5,16.0,0.0,45584.8,0.0,0.0,36074.9,21820.3,0.0,0.0,0.0,0.0,0.0,0.0,5126.2,0.0,0.0,0.0,8292.1,0.0,0.0,7692.4,0.0,0.0,0.0,0.0,0.0,0.0,0.0,14429.3,0.0,0.0,0.0,7429.7,9217.5,2388.7,0.0,0.0,0.0,0.0,1105-1110
1112.5,8.3,0.0,45555.5,0.0,0.0,36242.7,21830.8,0.0,0.0,0.0,0.0,0.0,0.0,5282.6,0.0,0.0,0.0,8300.8,0.0,0.0,7700.8,0.0,0.0,0.0,0.0,0.0,0.0,0.0,14469.6,0.0,0.0,0.0,7428.2,9216.1,2388.2,0.0,0.0,13.2,0.0,1110-1115
1117.5,23.4,0.0,45567.0,0.0,0.0,36217.1,21815.8,0.0,0.0,0.0,0.0,0.0,0.0,5277.6,0.0,0.0,0.0,8590.7,0.0,0.0,7990.7,0.0,0.0,0.0,0.0,0.0,0.0,0.0,14952.2,0.0,0.0,0.0,7431.8,9213.8,2390.2,0.0,0.0,0.0,0.0,1115-1120
1122.5,152.4,0.0,45551.5,0.0,0.0,36238.7,21826.1,0.0,0.0,0.0,0.0,0.0,0.0,5283.5,0.0,0.0,0.0,8624.9,0.0,0.0,7991.9,0.0,0.0,0.0,0.0,0.0,0.0,0.0,15009.3,0.0,0.0,0.0,7421.6,9209.7,2387.3,0.0,0.0,0.0,0.0,1120-1125
1127.5,440.2,0.0,45543.6,0.0,0.0,36239.0,21826.1,0.0,0.0,0.0,0.0,0.0,0.0,5280.3,0.0,0.0,0.0,9157.7,0.0,0.0,8131.2,0.0,0.0,0.0,0.0,0.0,0.0,0.0,15076.3,0.0,0.0,0.0,7425.1,9218.0,2389.2,0.0,1.6,87.2,12.6,1125-1130
1132.5,1049.5,0.3,45570.6,0.0,19.3,36508.4,21821.6,0.0,0.0,0.0,0.0,0.0,0.0,5285.4,0.0,0.0,0.0,10689.4,0.0,0.0,9087.6,0.0,0.0,0.0,0.0,0.0,0.0,0.0,16247.5,0.0,0.0,0.0,7428.1,9216.5,2391.2,0.0,0.0,106.3,15.9,1130-1135
1137.5,889.1,0.0,45558.2,0.0,1664.9,36926.3,22240.3,0.0,0.0,0.0,0.0,0.0,0.0,5278.1,0.0,0.0,0.0,12418.3,0.0,0.0,10232.6,0.0,0.0,0.0,0.0,0.0,0.0,0.0,17601.3,0.0,0.0,0.0,7426.8,9211.7,2390.2,0.0,17.5,64.5,8.5,1135-1140
1142.5,785.7,0.0,45540.8,0.0,2628.8,37352.6,22660.4,0.0,0.0,0.0,0.0,0.0,0.0,5279.9,0.0,0.0,0.0,12717.0,0.0,0.0,10346.6,0.0,0.0,0.0,0.0,0.0,0.0,0.0,18463.6,0.0,0.0,0.0,7423.5,9204.8,2389.1,0.0,4.2,55.2,4.6,1140-1145
1147.5,364.0,0.0,45533.4,0.0,2629.3,37387.1,22683.0,0.0,0.0,0.0,0.0,0.0,0.0,5283.5,0.0,0.0,0.0,12717.5,0.0,0.0,10347.7,0.0,0.0,0.0,0.0,0.0,0.0,0.0,18881.4,0.0,0.0,0.0,7421.6,9213.0,2391.0,0.0,2.0,0.0,0.0,1145-1150
1152.5,2399.7,0.4,45547.1,0.0,2626.4,37651.2,22950.1,0.0,0.0,0.0,0.0,0.0,0.0,5278.9,0.0,0.0,0.0,12726.3,0.0,0.0,10354.7,0.0,0.0,0.0,0.0,0.0,0.0,0.0,18927.3,0.0,0.0,0.0,7428.1,9207.8,2388.5,0.0,13.5,166.9,24.0,1150-1155
1157.5,3411.7,0.0,45550.1,0.0,2628.0,38369.6,22967.6,0.0,0.0,0.0,0.0,0.0,0.0,5279.8,0.0,0.0,0.0,12725.8,0.0,0.0,10353.8,0.0,0.0,0.0,0.0,0.0,0.0,0.0,19881.3,0.0,0.0,0.0,7425.8,9214.3,2386.1,0.0,6.9,40.8,2.1,1155-1160
1162.5,3644.0,0.0,45577.3,0.0,2629.2,38844.8,22956.5,0.0,0.0,0.0,0.0,0.0,0.0,5277.6,0.0,0.0,0.0,12728.2,0.0,0.0,10362.3,0.0,0.0,505.9,0.0,0.0,0.0,0.0,20550.9,0.0,0.0,0.0,7422.9,9213.2,2388.5,0.0,0.0,84.7,3.9,1160-1165
1167.5,3847.7,0.0,45572.0,0.0,2622.3,38844.4,22943.8,0.0,0.0,0.0,0.0,0.0,0.0,5284.5,0.0,0.0,0.0,12713.6,0.0,0.0,10346.7,0.0,0.0,896.0,0.0,0.0,0.0,0.0,20936.8,0.0,0.0,0.0,7428.3,9217.6,2389.5,0.0,274.6,5.5,0.0,1165-1170
1172.5,4420.8,0.0,45555.5,0.0,2626.1,38861.3,22958.6,0.0,0.0,0.0,0.0,0.0,0.0,5286.4,0.0,0.0,0.0,12724.3,0.0,0.0,10352.9,0.0,0.0,1182.0,0.0,0.0,0.0,0.0,20924.8,0.0,0.0,0.0,7425.9,9216.1,2391.5,0.0,808.8,34.9,0.0,1170-1175
1177.5,5273.8,0.0,45562.1,0.0,2618.2,39119.3,22951.0,0.0,0.0,0.0,0.0,0.0,0.0,5278.1,0.0,0.0,0.0,12727.7,0.0,0.0,10358.0,0.0,0.0,1493.9,0.0,0.0,0.0,0.0,21387.1,0.0,0.0,0.0,7429.0,9214.3,2386.7,0.0,1953.9,31.1,0.3,1175-1180
1182.5,5946.8,0.0,45560.8,0.0,2628.6,39367.5,22956.8,0.0,0.0,0.0,0.0,0.0,0.0,5282.8,0.0,0.0,0.0,12722.3,0.0,0.0,10355.2,0.0,0.0,1494.0,0.0,0.0,0.0,0.0,22001.6,0.0,0.0,0.0,7426.6,9214.4,2388.2,0.0,2972.5,74.7,0.0,1180-1185
1187.5,6449.0,0.0,45549.1,0.0,2626.6,39471.5,22948.6,0.0,0.0,0.0,0.0,0.0,0.0,5281.0,0.0,0.0,0.0,12723.0,0.0,0.0,10353.1,0.0,0.0,1493.2,0.0,0.0,0.0,0.0,22937.4,0.0,0.0,0.0,7431.3,9212.3,2389.4,0.0,4063.5,48.4,1.8,1185-1190
1192.5,7322.4,0.3,45557.3,0.0,2626.3,39764.3,22968.8,0.0,0.0,0.0,0.0,0.0,0.0,5280.3,0.0,0.0,0.0,12728.9,0.0,0.0,10356.1,0.0,0.0,1494.7,0.0,0.0,0.0,0.0,23027.4,0.0,0.0,0.0,7425.6,9219.4,2387.7,0.0,5303.9,50.6,3.3,1190-1195
1197.5,10733.3,0.3,45543.8,0.0,2623.9,39747.9,22971.4,0.0,0.0,0.0,0.0,0.0,0.0,5281.3,0.0,0.0,0.0,12722.7,0.0,0.0,10353.9,0.0,0.0,1489.8,0.0,0.0,0.0,0.0,23119.0,0.0,0.0,0.0,7427.4,9215.9,2387.2,0.0,6362.3,207.5,11.5,1195-1200
1202.5,12129.1,0.0,45547.6,0.0,2630.4,39738.1,22957.6,0.0,0.0,0.0,0.0,0.0,0.0,5275.0,0.0,0.0,0.0,12716.9,0.0,0.0,10349.0,0.0,0.0,1499.2,0.0,0.0,0.0,0.0,23844.1,0.0,0.0,0.0,7427.6,9218.1,2388.3,0.0,8361.9,87.5,1.6,1200-1205
1207.5,12648.1,0.0,45563.8,0.0,2623.4,40082.7,22960.8,0.0,0.0,0.0,0.0,0.0,0.0,5283.1,0.0,0.0,0.0,12726.6,0.0,0.0,10358.9,0.0,0.0,1491.9,0.0,0.0,0.0,0.0,25215.4,0.0,0.0,0.0,7428.2,9215.5,2387.0,0.0,9739.2,63.4,1.2,1205-1210
1212.5,13383.5,0.0,45557.9,0.0,2625.1,40361.1,22969.8,0.0,0.0,0.0,0.0,0.0,0.0,5286.7,0.0,0.0,0.0,12727.8,0.0,0.0,10357.2,0.0,0.0,1489.9,0.0,0.0,0.0,0.0,25108.5,0.0,0.0,0.0,7429.8,9220.5,2388.4,0.0,10810.5,82.9,8.3,1210-1215
1217.5,14120.7,0.0,45550.5,0.0,2628.3,40337.6,22950.0,0.0,0.0,0.0,0.0,0.0,0.0,5276.3,0.0,0.0,0.0,12725.3,0.0,0.0,10358.0,0.0,0.0,1493.0,0.0,0.0,0.0,0.0,25309.5,0.0,0.0,0.0,7432.2,9214.6,2388.0,0.0,11694.1,64.9,0.0,1215-1220
1222.5,14546.0,0.0,45550.6,0.0,2617.4,40346.7,22948.9,0.0,0.0,0.0,0.0,0.0,0.0,5281.9,0.0,0.0,0.0,12728.8,0.0,0.0,10360.6,0.0,0.0,1487.9,0.0,0.0,0.0,0.0,25684.3,0.0,0.0,0.0,7434.9,9211.5,2387.2,0.0,12794.3,57.8,2.1,1220-1225
1227.5,15810.3,0.0,45581.0,0.0,2625.0,40439.9,22959.3,0.0,0.0,0.0,0.0,0.0,0.0,5284.7,0.0,0.0,0.0,12718.9,0.0,0.0,10351.0,0.0,0.0,1498.7,0.0,0.0,0.0,0.0,26183.2,0.0,0.0,0.0,7431.3,9214.6,2388.6,0.0,13601.9,97.2,12.6,1225-1230
1232.5,16599.9,0.0,45545.9,0.0,2627.9,40638.2,22950.7,0.0,0.0,0.0,0.0,0.0,0.0,5275.8,0.0,0.0,0.0,12725.8,0.0,0.0,10357.9,0.0,0.0,1494.0,0.0,0.0,0.0,0.0,26697.5,0.0,0.0,0.0,7424.5,9210.8,2389.9,0.0,15861.5,69.1,8.2,1230-1235
1237.5,16701.1,0.0,45551.3,0.0,2627.7,40655.5,22964.4,0.0,0.0,0.0,0.0,0.0,0.0,5277.9,0.0,0.0,0.0,12717.4,0.0,0.0,10350.4,0.0,0.0,1491.7,0.0,0.0,0.0,0.0,26805.3,0.0,0.0,0.0,7429.0,9214.5,2388.5,0.0,17563.1,20.6,3.7,1235-1240
1242.5,17598.4,0.0,45560.6,0.0,2624.8,40635.3,22948.9,0.0,0.0,0.0,0.0,0.0,0.0,5280.5,0.0,0.0,0.0,12722.6,0.0,0.0,10357.3,0.0,0.0,1493.6,0.0,0.0,0.0,0.0,26800.3,0.0,0.0,0.0,7431.5,9213.5,2388.0,0.0,19019.0,5.0,0.0,1240-1245
1247.5,19266.6,0.0,45557.7,0.0,2630.5,40666.6,22970.5,0.0,0.0,0.0,0.0,0.0,0.0,5280.1,0.0,0.0,0.0,12719.2,0.0,0.0,10347.1,0.0,0.0,1492.7,0.0,0.0,0.0,0.0,27177.0,0.0,0.0,0.0,7430.1,9212.3,2389.4,0.0,19311.6,80.5,7.4,1245-1250
1252.5,19444.8,0.0,45567.0,0.0,2620.9,40641.7,22954.7,0.0,0.0,0.0,0.0,0.0,0.0,5276.6,0.0,0.0,0.0,12722.4,0.0,0.0,10353.5,0.0,0.0,1490.6,0.0,0.0,0.0,0.0,27670.4,0.0,0.0,0.0,7425.8,9214.0,2389.2,0.0,20309.2,144.2,2.5,1250-1255
1257.5,19971.8,0.0,45563.0,0.0,2630.6,40650.4,22958.3,0.0,0.0,0.0,0.0,0.0,0.0,5285.4,0.0,0.0,0.0,12722.2,0.0,0.0,10352.9,0.0,0.0,1493.4,0.0,0.0,0.0,0.0,28151.0,0.0,0.0,0.0,7427.3,9212.6,2391.0,0.0,20945.1,35.9,1.7,1255-1260
1262.5,21719.4,0.0,45545.2,0.0,2620.0,40665.1,22965.7,0.0,0.0,0.0,0.0,0.0,0.0,5285.3,0.0,0.0,0.0,12716.9,0.0,0.0,10351.0,0.0,0.0,1490.0,0.0,0.0,0.0,0.0,28540.0,0.0,0.0,0.0,7429.0,9208.3,2388.3,0.0,22210.5,53.9,3.2,1260-1265
1267.5,23861.5,0.0,45545.5,0.0,2629.0,40671.0,22955.8,0.0,0.0,0.0,0.0,0.0,0.0,5286.0,0.0,0.0,0.0,12728.0,0.0,0.0,10359.1,0.0,0.0,1494.9,0.0,0.0,0.0,0.0,29056.4,0.0,0.0,0.0,7432.2,9205.5,2388.1,0.0,23344.1,109.1,2.7,1265-1270
1272.5,26301.0,0.0,45545.0,0.7,2624.2,41321.9,22971.7,0.0,0.0,0.0,0.0,0.0,0.0,5287.3,0.0,0.0,0.0,12719.3,0.0,0.0,10354.0,0.0,0.0,1495.5,0.0,0.0,0.0,0.0,29423.0,0.0,0.0,0.0,7430.6,9214.3,2389.2,0.0,24499.7,54.8,4.0,1270-1275
1277.5,28021.7,0.0,45559.5,0.7,2629.6,41531.8,22961.3,0.0,0.0,0.0,0.0,0.0,0.0,5280.8,0.0,0.0,0.0,12722.1,0.0,0.0,10354.3,0.0,0.0,1495.2,0.0,0.0,0.0,0.0,29800.1,0.0,0.0,0.0,7428.0,9211.6,2387.6,0.0,25501.0,58.9,5.0,1275-1280
1282.5,28235.9,0.0,45559.8,0.0,2625.1,41521.3,22960.0,0.0,0.0,0.0,0.0,0.0,0.0,5277.9,0.0,0.0,0.0,12724.8,0.0,0.0,10361.4,0.0,0.0,1494.6,0.0,0.0,0.0,0.0,30354.9,0.0,0.0,0.0,7430.6,9215.5,2387.4,0.0,26355.4,0.0,0.0,1280-1285
1287.5,28685.5,0.0,45566.4,1.4,2626.7,41516.6,22948.7,0.0,0.0,0.0,0.0,0.0,0.0,5282.0,0.0,0.0,0.0,12720.8,0.0,0.0,10352.1,0.0,0.0,1492.1,0.0,0.0,0.0,0.0,30548.1,0.0,0.0,0.0,7430.6,9207.7,2390.7,0.0,27098.7,6.3,0.0,1285-1290
1292.5,30789.9,0.0,45551.4,104.1,2627.3,41512.6,22947.8,0.0,0.0,0.0,0.0,0.0,0.0,5278.2,0.0,0.0,0.0,12717.6,0.0,0.0,10353.0,0.0,0.0,1491.0,0.0,0.0,0.0,0.0,30635.8,0.0,0.0,0.0,7425.0,9210.3,2387.8,0.0,27219.6,63.9,0.0,1290-1295
1297.5,31063.1,0.0,45555.9,3430.2,2627.0,41534.7,22957.8,0.0,0.0,0.0,0.0,0.0,0.0,5288.2,0.0,0.0,0.0,12719.7,0.0,0.0,10352.7,0.0,0.0,1491.8,0.0,0.0,0.0,0.0,31264.2,0.0,0.0,0.0,7428.7,9215.8,2387.6,0.0,28038.0,15.3,3.4,1295-1300
1302.5,32764.4,0.0,45537.5,4566.5,2629.6,41528.5,22958.7,0.0,0.0,0.0,0.0,0.0,0.0,5280.6,0.0,0.0,0.0,12729.2,0.0,0.0,10361.7,0.0,0.0,1493.2,0.0,0.0,0.0,0.0,31702.3,0.0,0.0,0.0,7424.6,9214.9,2390.1,0.0,29326.9,90.8,5.2,1300-1305
1307.5,32723.3,0.0,45558.4,8990.2,2620.1,41504.0,22951.2,0.0,0.0,0.0,0.0,0.0,0.0,5275.5,0.0,0.0,0.0,12726.4,0.0,0.0,10356.6,0.0,0.0,1491.3,0.0,0.0,0.0,0.0,32333.4,0.0,0.0,0.0,7426.0,9210.7,2388.3,0.0,30163.1,9.0,0.0,1305-1310
1312.5,33177.3,0.0,45557.6,9920.0,2632.2,41519.7,22952.9,0.0,0.0,0.0,0.0,0.0,0.0,5283.3,0.0,0.0,0.0,12724.3,0.0,0.0,10358.3,0.0,0.0,1492.9,0.0,0.0,0.0,0.0,32306.3,0.0,0.0,0.0,7422.7,9214.1,2388.9,0.0,30724.0,48.7,6.1,1310-1315
1317.5,34413.1,0.0,45552.1,9946.6,2620.8,41530.0,22965.9,0.0,0.0,0.0,0.0,0.0,0.0,5277.0,0.0,0.0,0.0,12729.2,0.0,0.0,10358.9,0.0,0.0,1493.2,0.0,0.0,0.0,0.0,32538.0,0.0,0.0,0.0,7427.2,9221.6,2388.8,0.0,31892.5,18.0,0.0,1315-1320
1322.5,34435.5,0.0,45573.2,9954.3,2624.9,41524.5,22958.5,0.0,0.0,0.0,0.0,0.0,0.0,5278.3,0.0,0.0,0.0,12721.4,0.0,0.0,10352.4,0.0,0.0,1494.8,0.0,0.0,0.0,0.0,32905.5,0.0,0.0,0.0,7426.8,9219.6,2390.2,0.0,32358.7,64.8,0.0,1320-1325
1327.5,34830.8,0.0,45560.1,9937.0,2624.4,41521.2,22949.3,0.0,0.0,0.0,0.0,0.0,0.0,5282.1,0.0,0.0,0.0,12722.8,0.0,0.0,10358.5,0.0,0.0,1492.7,0.0,0.0,0.0,0.0,32908.7,0.0,0.0,0.0,7424.6,9213.3,2389.6,0.0,32449.0,79.9,0.4,1325-1330
1332.5,35095.2,0.0,45567.2,9917.7,2627.2,41554.1,22970.5,0.0,0.0,0.0,0.0,0.0,0.0,5282.0,0.0,0.0,0.0,12715.2,0.0,0.0,10348.8,0.0,0.0,1493.5,0.0,0.0,0.0,0.0,32900.3,0.0,0.0,0.0,7425.3,9212.4,2388.7,0.0,33109.7,10.2,0.0,1330-1335
1337.5,35816.6,0.0,45538.7,9909.4,2625.1,41534.7,22964.7,0.0,0.0,0.0,0.0,0.0,0.0,5286.6,0.0,0.0,0.0,12718.5,0.0,0.0,10350.8,0.0,0.0,1493.4,0.0,0.0,0.0,0.0,33051.7,0.0,0.0,0.0,7430.0,9211.8,2388.2,0.0,33786.8,5.4,0.0,1335-1340
1342.5,36501.2,0.0,45562.7,9910.4,2625.8,41521.0,22969.5,0.0,0.0,0.0,0.0,0.0,0.0,5272.2,0.0,0.0,0.0,12726.8,0.0,0.0,10356.3,0.0,0.0,1488.8,0.0,0.0,0.0,0.0,33167.5,0.0,0.0,0.0,7428.4,9215.3,2389.9,0.0,34142.5,62.9,1.8,1340-1345
1347.5,37529.4,0.0,45565.5,9908.8,2626.5,41521.4,22951.6,0.0,0.0,0.0,0.0,0.0,0.0,5282.0,0.0,0.0,0.0,12721.3,0.0,0.0,10352.2,0.0,0.0,1493.9,0.0,0.0,0.0,0.0,33236.5,0.0,0.0,0.0,7428.6,9220.3,2387.6,0.0,34887.4,107.4,13.2,1345-1350
1352.5,39363.0,0.0,45556.9,9917.2,2627.3,41535.9,22961.5,0.0,0.0,0.0,0.0,0.0,0.0,5290.6,0.0,0.0,0.0,12729.3,0.0,0.0,10363.9,0.0,0.0,1492.9,0.0,0.0,0.0,0.0,33841.1,0.0,0.0,0.0,7428.0,9217.6,2388.2,0.0,35673.3,118.8,2.8,1350-1355
1357.5,41035.1,0.0,45548.7,9892.1,2623.5,41545.9,22974.0,0.0,0.0,0.0,0.0,0.0,0.0,5279.2,0.0,0.0,0.0,12729.5,0.0,0.0,10359.6,0.0,0.0,1491.7,0.0,0.0,0.0,0.0,34438.1,0.0,0.0,0.0,7426.9,9211.0,2389.2,0.0,36835.0,72.2,4.5,1355-1360
1362.5,42357.2,0.0,45561.6,9899.1,2630.3,41542.2,22963.7,0.0,0.0,0.0,0.0,0.0,0.0,5286.5,0.0,0.0,0.0,12729.7,0.0,0.0,10361.0,0.0,0.0,1481.6,0.0,0.0,0.0,0.0,34858.6,0.0,0.0,0.0,7420.8,9214.3,2389.7,0.0,38265.4,111.5,8.5,1360-1365
1367.5,44094.9,0.2,45578.7,9906.4,2627.3,41540.9,22976.7,0.0,0.0,0.0,0.0,0.0,0.0,5279.2,0.0,0.0,0.0,12725.1,0.0,0.0,10357.0,0.0,0.0,1491.9,0.0,0.0,0.0,0.0,34981.9,0.0,0.0,0.0,7430.3,9216.5,2388.6,0.0,40561.3,80.6,1.8,1365-1370
1372.5,45476.9,0.0,45548.0,9922.1,2625.5,41512.5,22955.0,0.0,0.0,0.0,0.0,0.0,0.0,5278.8,0.0,0.0,0.0,12732.4,0.0,0.0,10363.3,0.0,0.0,1490.4,0.0,0.0,0.0,0.0,35208.0,0.0,0.0,0.0,7425.8,9212.4,2388.3,0.0,41874.0,42.6,1.6,1370-1375
1377.5,46056.6,0.0,45562.9,9906.0,2629.7,41534.7,22964.2,0.0,0.0,0.0,0.0,0.0,0.0,5288.6,0.0,0.0,0.0,12725.6,0.0,0.0,10357.7,0.0,0.0,1495.3,0.0,0.0,0.0,0.0,35854.2,0.0,0.0,0.0,7424.9,9215.1,2388.7,0.0,44748.7,0.0,0.0,1375-1380
1382.5,47581.0,0.0,45571.7,9909.9,2622.6,41530.3,22961.9,0.0,0.0,0.0,0.0,0.0,0.0,5282.4,0.0,0.0,0.0,12728.9,0.0,0.0,10360.6,0.0,0.0,1491.3,0.0,0.0,0.0,432.3,36273.6,0.0,0.0,0.0,7427.8,9212.7,2389.1,0.0,46163.8,154.0,14.2,1380-1385
1387.5,51863.8,0.0,45561.2,9897.4,2627.4,41518.2,22948.5,0.0,0.0,0.0,0.0,0.0,0.0,5275.9,0.0,0.0,0.0,12718.8,0.0,0.0,10349.4,0.0,0.0,1490.2,0.0,492.1,69.1,888.8,36951.0,0.0,0.0,0.0,7430.4,9215.8,2389.5,0.0,47451.3,18.5,0.0,1385-1390
1392.5,54291.7,0.0,45566.5,9904.2,2629.9,41528.8,22966.1,0.0,0.0,0.0,0.0,0.0,0.0,5283.3,0.0,0.0,0.0,12728.9,0.0,0.0,10362.5,0.0,0.0,1493.1,0.0,869.6,0.0,864.1,36954.3,0.0,0.0,0.0,7427.7,9218.1,2388.8,0.0,48956.0,46.8,0.3,1390-1395
1397.5,56132.0,0.0,45552.8,9919.2,2624.2,41527.7,22953.5,0.0,0.0,0.0,0.0,0.0,0.0,5278.9,0.0,0.0,0.0,12722.0,0.0,0.0,10351.8,0.0,0.0,1490.1,0.0,869.7,0.0,863.9,36949.6,0.0,0.0,0.0,7430.1,9212.5,2389.3,0.0,50107.1,93.7,2.7,1395-1400
1402.5,56762.6,0.0,45568.7,9911.7,2623.9,41518.8,22946.6,0.0,0.0,0.0,0.0,0.0,0.0,5283.6,0.0,0.0,0.0,12725.7,0.0,0.0,10359.1,0.0,0.0,1493.3,0.0,867.6,0.0,865.4,36982.5,0.0,0.0,0.0,7429.8,9209.6,2388.2,0.0,50949.6,0.0,0.0,1400-1405
1407.5,57686.4,0.0,45557.0,9917.9,2627.5,41523.9,22963.6,0.0,0.0,0.0,0.0,0.0,0.0,5275.9,0.0,0.0,0.0,12729.7,0.0,0.0,10358.3,0.0,0.0,1494.2,0.0,869.9,297.7,578.8,36947.9,0.0,0.0,0.0,7424.1,9216.7,2390.5,0.0,52586.3,23.8,0.0,1405-1410
1412.5,58753.3,0.0,45569.2,9890.9,2629.1,41515.8,22942.5,0.0,0.0,0.0,0.0,0.0,0.0,5280.6,0.0,0.0,0.0,12724.7,0.0,0.0,10356.2,0.0,0.0,1494.0,0.0,871.6,299.8,574.0,37069.5,0.0,0.0,0.0,7425.7,9213.2,2390.5,0.0,52834.1,133.8,20.9,1410-1415
1417.5,59178.1,0.3,45568.9,9906.0,2623.1,41530.2,22968.5,0.0,0.0,0.0,0.0,0.0,0.0,5276.2,0.0,0.0,0.0,12727.0,0.0,0.0,10356.9,0.0,0.0,1493.7,0.0,870.9,299.8,576.9,37501.9,0.0,0.0,0.0,7432.6,9218.5,2390.5,0.0,53519.4,0.1,0.0,1415-1420
1422.5,60661.3,0.0,45574.9,9920.3,2627.4,41523.5,22952.4,0.0,0.0,0.0,0.0,0.0,0.0,5285.6,0.0,0.0,0.0,12719.1,0.0,0.0,10351.0,0.0,0.0,1489.3,0.0,866.2,299.9,575.9,37565.7,0.0,0.0,0.0,7431.8,9216.0,2389.6,0.0,53773.2,101.6,4.5,1420-1425
1427.5,62486.9,0.0,45564.7,9912.5,2630.2,41514.2,22940.2,0.0,0.0,0.0,0.0,0.0,0.0,5277.1,0.0,0.0,0.0,12732.2,0.0,0.0,10361.1,0.0,0.0,1493.9,0.0,773.1,477.7,479.0,37573.9,0.0,0.0,0.0,7423.7,9212.9,2389.3,0.0,55449.3,145.0,16.1,1425-1430
1432.5,65238.2,0.5,45557.5,9893.9,2623.5,41510.7,22960.6,0.0,0.0,0.0,0.0,0.0,0.0,5274.9,0.0,0.0,0.0,12712.6,0.0,0.0,10348.3,0.0,0.0,1490.5,0.0,0.0,1477.4,0.0,37726.3,0.0,0.0,0.0,7427.2,9209.6,2389.0,0.0,56901.9,102.6,0.1,1430-1435
1437.5,65871.3,0.0,45566.2,9896.9,2626.2,41530.1,22965.8,0.0,0.0,0.0,0.0,0.0,0.0,5280.4,0.0,0.0,0.0,12718.8,0.0,0.0,10351.1,0.0,0.0,1487.9,0.0,0.0,1465.9,0.0,37871.1,0.0,0.0,0.0,7424.8,9215.1,2387.3,0.0,58695.4,67.5,3.4,1435-1440
1442.5,66362.5,0.0,45557.0,9921.2,2624.5,41526.9,22955.5,0.0,0.0,0.0,0.0,0.0,0.0,5283.0,0.0,0.0,0.0,12727.1,0.0,0.0,10358.7,0.0,0.0,1493.0,0.0,0.0,1474.9,0.0,37863.2,0.0,0.0,0.0,7426.1,9219.8,2390.3,0.0,60177.2,83.9,4.1,1440-1445
1447.5,67579.6,0.0,45536.5,9887.5,2623.7,41538.9,22964.5,0.0,0.0,0.0,0.0,0.0,0.0,5275.7,0.0,0.0,0.0,12712.9,0.0,0.0,10344.8,0.0,0.0,1493.3,0.0,0.0,1469.8,0.0,37836.6,0.0,0.0,0.0,7425.7,9210.7,2387.0,0.0,60944.3,45.2,1.5,1445-1450
